{
  "model": "qwen25_math_7b",
  "notes": {
    "math500_native": true,
    "math500_n": 500,
    "math500_acc": 0.846,
    "olympiad_native": false,
    "olympiad_proxy_note": "borrowed Qwen2.5-7B's OlympiadBench rung (E13r Qwen3-8B-no-think). LIMITATION: cross-model transport.",
    "aime_native": false,
    "aime_proxy_note": "borrowed Qwen2.5-7B AIME rungs. LIMITATION: cross-model transport (the score s = SC@8 vote share is model-specific). These cells answer the question 'how does the model's MATH-500 calibration generalize to a 7B-anchored AIME ladder?'."
  },
  "eval_target": "rung_5_aime_new",
  "rung_summary": {
    "rung_0_math_cal": {
      "n": 250,
      "acc": 0.82,
      "mean_score": 0.827
    },
    "rung_1_math_eval": {
      "n": 250,
      "acc": 0.872,
      "mean_score": 0.88
    },
    "rung_2_olympiad": {
      "n": 674,
      "acc": 0.5445103857566765,
      "mean_score": 0.6648738872403561
    },
    "rung_3_aime_old": {
      "n": 224,
      "acc": 0.40625,
      "mean_score": 0.46372767857142855
    },
    "rung_4_aime_mid": {
      "n": 426,
      "acc": 0.27230046948356806,
      "mean_score": 0.4140258215962441
    },
    "rung_5_aime_new": {
      "n": 269,
      "acc": 0.15613382899628253,
      "mean_score": 0.34433085501858735
    },
    "rung_aime_fut": {
      "n": 14,
      "acc": 0.14285714285714285,
      "mean_score": 0.35714285714285715
    }
  },
  "active_rung_names": [
    "rung_0_math_cal",
    "rung_1_math_eval",
    "rung_2_olympiad",
    "rung_3_aime_old",
    "rung_4_aime_mid",
    "rung_5_aime_new"
  ],
  "consec_tvs": [
    0.14399481618661725,
    0.3998294479876816,
    0.2767528101245999,
    0.09838307397560589,
    0.13097822504313594
  ],
  "src_distances_from_rung0": [
    0.0,
    0.14399481618661725,
    0.2758339118269834,
    0.5438371419053898,
    0.599926056350039,
    0.6830395013704521
  ],
  "h3_monotone": true,
  "alphas": [
    0.05,
    0.1,
    0.2,
    0.3,
    0.5,
    0.7
  ],
  "strategy_A_oneshot": [
    {
      "alpha": 0.05,
      "target": 0.95,
      "coverage": 1.0,
      "kept_acc": 0.2153846153846154,
      "kept_frac": 0.724907063197026,
      "q": 0.25,
      "ci": [
        1.0,
        1.0
      ]
    },
    {
      "alpha": 0.1,
      "target": 0.9,
      "coverage": 1.0,
      "kept_acc": 0.2153846153846154,
      "kept_frac": 0.724907063197026,
      "q": 0.25,
      "ci": [
        1.0,
        1.0
      ]
    },
    {
      "alpha": 0.2,
      "target": 0.8,
      "coverage": 1.0,
      "kept_acc": 0.2153846153846154,
      "kept_frac": 0.724907063197026,
      "q": 0.25,
      "ci": [
        1.0,
        1.0
      ]
    },
    {
      "alpha": 0.3,
      "target": 0.7,
      "coverage": 0.8809523809523809,
      "kept_acc": 0.33636363636363636,
      "kept_frac": 0.40892193308550184,
      "q": 0.375,
      "ci": [
        0.7682915921288015,
        0.9726163663663664
      ]
    },
    {
      "alpha": 0.5,
      "target": 0.5,
      "coverage": 0.7142857142857143,
      "kept_acc": 0.4225352112676056,
      "kept_frac": 0.26394052044609667,
      "q": 0.5,
      "ci": [
        0.5629904559915164,
        0.8450120192307692
      ]
    },
    {
      "alpha": 0.7,
      "target": 0.30000000000000004,
      "coverage": 0.5952380952380952,
      "kept_acc": 0.5555555555555556,
      "kept_frac": 0.16728624535315986,
      "q": 0.625,
      "ci": [
        0.43210995085995085,
        0.7316216216216215
      ]
    }
  ],
  "strategy_B_telescoped": [
    {
      "alpha": 0.05,
      "target": 0.95,
      "coverage": 1.0,
      "kept_acc": 0.2153846153846154,
      "kept_frac": 0.724907063197026,
      "q": 0.25,
      "ci": [
        1.0,
        1.0
      ],
      "per_rung_tv": [
        0.14399481618661725,
        0.3998294479876816,
        0.2767528101245999,
        0.09838307397560589,
        0.13097822504313594
      ]
    },
    {
      "alpha": 0.1,
      "target": 0.9,
      "coverage": 1.0,
      "kept_acc": 0.2153846153846154,
      "kept_frac": 0.724907063197026,
      "q": 0.25,
      "ci": [
        1.0,
        1.0
      ],
      "per_rung_tv": [
        0.14399481618661725,
        0.3998294479876816,
        0.2767528101245999,
        0.09838307397560589,
        0.13097822504313594
      ]
    },
    {
      "alpha": 0.2,
      "target": 0.8,
      "coverage": 1.0,
      "kept_acc": 0.2153846153846154,
      "kept_frac": 0.724907063197026,
      "q": 0.25,
      "ci": [
        1.0,
        1.0
      ],
      "per_rung_tv": [
        0.14399481618661725,
        0.3998294479876816,
        0.2767528101245999,
        0.09838307397560589,
        0.13097822504313594
      ]
    },
    {
      "alpha": 0.3,
      "target": 0.7,
      "coverage": 0.8809523809523809,
      "kept_acc": 0.33636363636363636,
      "kept_frac": 0.40892193308550184,
      "q": 0.375,
      "ci": [
        0.7682915921288015,
        0.9726163663663664
      ],
      "per_rung_tv": [
        0.14399481618661725,
        0.3998294479876816,
        0.2767528101245999,
        0.09838307397560589,
        0.13097822504313594
      ]
    },
    {
      "alpha": 0.5,
      "target": 0.5,
      "coverage": 0.7142857142857143,
      "kept_acc": 0.4225352112676056,
      "kept_frac": 0.26394052044609667,
      "q": 0.5,
      "ci": [
        0.5629904559915164,
        0.8450120192307692
      ],
      "per_rung_tv": [
        0.14399481618661725,
        0.3998294479876816,
        0.2767528101245999,
        0.09838307397560589,
        0.13097822504313594
      ]
    },
    {
      "alpha": 0.7,
      "target": 0.30000000000000004,
      "coverage": 0.5952380952380952,
      "kept_acc": 0.5555555555555556,
      "kept_frac": 0.16728624535315986,
      "q": 0.625,
      "ci": [
        0.43210995085995085,
        0.7316216216216215
      ],
      "per_rung_tv": [
        0.14399481618661725,
        0.3998294479876816,
        0.2767528101245999,
        0.09838307397560589,
        0.13097822504313594
      ]
    }
  ],
  "strategy_Bp_sequential": [
    {
      "alpha": 0.05,
      "target": 0.95,
      "coverage": 1.0,
      "kept_acc": 0.2153846153846154,
      "kept_frac": 0.724907063197026,
      "q": 0.25,
      "ci": [
        1.0,
        1.0
      ],
      "q_path": [
        0.5,
        0.625,
        0.25,
        0.25,
        0.25,
        0.25
      ]
    },
    {
      "alpha": 0.1,
      "target": 0.9,
      "coverage": 1.0,
      "kept_acc": 0.2153846153846154,
      "kept_frac": 0.724907063197026,
      "q": 0.25,
      "ci": [
        1.0,
        1.0
      ],
      "q_path": [
        0.625,
        0.75,
        0.375,
        0.25,
        0.25,
        0.25
      ]
    },
    {
      "alpha": 0.2,
      "target": 0.8,
      "coverage": 0.8809523809523809,
      "kept_acc": 0.33636363636363636,
      "kept_frac": 0.40892193308550184,
      "q": 0.375,
      "ci": [
        0.7682915921288015,
        0.9726163663663664
      ],
      "q_path": [
        0.75,
        0.875,
        0.5,
        0.375,
        0.375,
        0.375
      ]
    },
    {
      "alpha": 0.3,
      "target": 0.7,
      "coverage": 0.7142857142857143,
      "kept_acc": 0.4225352112676056,
      "kept_frac": 0.26394052044609667,
      "q": 0.5,
      "ci": [
        0.5629904559915164,
        0.8450120192307692
      ],
      "q_path": [
        0.875,
        1.0,
        0.625,
        0.375,
        0.5,
        0.5
      ]
    },
    {
      "alpha": 0.5,
      "target": 0.5,
      "coverage": 0.5952380952380952,
      "kept_acc": 0.5555555555555556,
      "kept_frac": 0.16728624535315986,
      "q": 0.625,
      "ci": [
        0.43210995085995085,
        0.7316216216216215
      ],
      "q_path": [
        1.0,
        1.0,
        0.875,
        0.625,
        0.625,
        0.625
      ]
    },
    {
      "alpha": 0.7,
      "target": 0.30000000000000004,
      "coverage": 0.40476190476190477,
      "kept_acc": 0.68,