{
  "model": "Qwen/Qwen2.5-7B-Instruct",
  "n": 150,
  "n_samples_per_q": 8,
  "temperature": 0.7,
  "majority_accuracy": 0.94,
  "oracle_any_correct": 0.9666666666666667,
  "mean_sc_top1_frac": 0.925,
  "wallclock_sec": 21.514471292495728,
  "sec_per_question": 0.14342980861663818
}