{
  "model": "Qwen/Qwen2.5-7B-Instruct",
  "n_aime": 300,
  "year_range": [
    1983,
    2024
  ],
  "aime_greedy": {
    "accuracy": 0.20333333333333334,
    "parse_failures": 0,
    "wallclock_sec": 28.180967569351196
  },
  "aime_sc": {
    "majority_accuracy": 0.23333333333333334,
    "any_accuracy": 0.3933333333333333,
    "mean_top1_frac": 0.39666666666666667,
    "wallclock_sec": 163.59106612205505
  },
  "ood_cp": [
    {
      "score": "lp_mean",
      "alpha": 0.05,
      "target": 0.95,
      "n_test": 300,
      "vanilla": {
        "q": -0.13334456755338286,
        "cov": 1.0,
        "kept_acc": 0.22932330827067668,
        "kept_frac": 0.8866666666666667,
        "cov_ci95": [
          1.0,
          1.0
        ]
      },
      "weighted": {
        "q": -0.14205371693110028,
        "cov": 1.0,
        "kept_acc": 0.22262773722627738,
        "kept_frac": 0.9133333333333333,
        "cov_ci95": [
          1.0,
          1.0
        ]
      }
    },
    {
      "score": "lp_mean",
      "alpha": 0.1,
      "target": 0.9,
      "n_test": 300,
      "vanilla": {
        "q": -0.11828186356413409,
        "cov": 1.0,
        "kept_acc": 0.25,
        "kept_frac": 0.8133333333333334,
        "cov_ci95": [
          1.0,
          1.0
        ]
      },
      "weighted": {
        "q": -0.12495351319524921,
        "cov": 1.0,
        "kept_acc": 0.23921568627450981,
        "kept_frac": 0.85,
        "cov_ci95": [
          1.0,
          1.0
        ]
      }
    },
    {
      "score": "lp_mean",
      "alpha": 0.2,
      "target": 0.8,
      "n_test": 300,
      "vanilla": {
        "q": -0.10231325260638649,
        "cov": 0.9344262295081968,
        "kept_acc": 0.2688679245283019,
        "kept_frac": 0.7066666666666667,
        "cov_ci95": [
          0.8627450980392157,
          0.9850746268656716
        ]
      },
      "weighted": {
        "q": -0.10748322084811049,
        "cov": 0.9672131147540983,
        "kept_acc": 0.2645739910313901,
        "kept_frac": 0.7433333333333333,
        "cov_ci95": [
          0.912267801857585,
          1.0
        ]
      }
    },
    {
      "score": "lp_mean",
      "alpha": 0.3,
      "target": 0.7,
      "n_test": 300,
      "vanilla": {
        "q": -0.08790228019330953,
        "cov": 0.7868852459016393,
        "kept_acc": 0.2909090909090909,
        "kept_frac": 0.55,
        "cov_ci95": [
          0.6739130434782609,
          0.8813559322033898
        ]
      },
      "weighted": {
        "q": -0.09527166634523924,
        "cov": 0.8524590163934426,
        "kept_acc": 0.2694300518134715,
        "kept_frac": 0.6433333333333333,
        "cov_ci95": [
          0.7599814814814815,
          0.9354838709677419
        ]
      }
    },
    {
      "score": "lp_mean",
      "alpha": 0.5,
      "target": 0.5,
      "n_test": 300,
      "vanilla": {
        "q": -0.07173427319838019,
        "cov": 0.6721311475409836,
        "kept_acc": 0.36936936936936937,
        "kept_frac": 0.37,
        "cov_ci95": [
          0.5468394886363637,
          0.7846428571428571
        ]
      },
      "weighted": {
        "q": -0.07598289907246797,
        "cov": 0.7213114754098361,
        "kept_acc": 0.3492063492063492,
        "kept_frac": 0.42,
        "cov_ci95": [
          0.603095238095238,
          0.8275862068965517
        ]
      }
    },
    {
      "score": "lp_min",
      "alpha": 0.05,
      "target": 0.95,
      "n_test": 300,
      "vanilla": {
        "q": -0.3665682093869517,
        "cov": 1.0,
        "kept_acc": 0.21785714285714286,
        "kept_frac": 0.9333333333333333,
        "cov_ci95": [
          1.0,
          1.0
        ]
      },
      "weighted": {
        "q": -0.3664519316616854,
        "cov": 1.0,
        "kept_acc": 0.21785714285714286,
        "kept_frac": 0.9333333333333333,
        "cov_ci95": [
          1.0,
          1.0
        ]
      }
    },
    {
      "score": "lp_min",
      "alpha": 0.1,
      "target": 0.9,
      "n_test": 300,
      "vanilla": {
        "q": -0.28855814495150683,
        "cov": 0.8852459016393442,
        "kept_acc": 0.22131147540983606,
        "kept_frac": 0.8133333333333334,
        "cov_ci95": [
          0.8,
          0.9559138655462185
        ]
      },
      "weighted": {
        "q": -0.30632305062250675,
        "cov": 0.9016393442622951,
        "kept_acc": 0.21568627450980393,
        "kept_frac": 0.85,
        "cov_ci95": [
          0.8214285714285714,
          0.9682539682539683
        ]
      }
    },
    {
      "score": "lp_min",
      "alpha": 0.2,
      "target": 0.8,
      "n_test": 300,
      "vanilla": {
        "q": -0.2473248105700177,
        "cov": 0.8524590163934426,
        "kept_acc": 0.2613065326633166,
        "kept_frac": 0.6633333333333333,
        "cov_ci95": [
          0.7567153888582461,
          0.9355342741935483
        ]
      },
      "weighted": {
        "q": -0.26935541771136823,
        "cov": 0.8688524590163934,
        "kept_acc": 0.23766816143497757,
        "kept_frac": 0.7433333333333333,
        "cov_ci95": [
          0.7799915254237288,
          0.9473855092276144
        ]
      }
    },
    {
      "score": "lp_min",
      "alpha": 0.3,
      "target": 0.7,
      "n_test": 300,
      "vanilla": {
        "q": -0.21182179210418126,
        "cov": 0.7377049180327869,
        "kept_acc": 0.2922077922077922,
        "kept_frac": 0.5133333333333333,
        "cov_ci95": [
          0.6290322580645161,
          0.8421240601503759
        ]
      },
      "weighted": {
        "q": -0.23633950185771724,
        "cov": 0.7868852459016393,
        "kept_acc": 0.2727272727272727,
        "kept_frac": 0.5866666666666667,
        "cov_ci95": [
          0.6779661016949152,
          0.8852459016393442
        ]
      }
    },
    {
      "score": "lp_min",
      "alpha": 0.5,
      "target": 0.5,
      "n_test": 300,
      "vanilla": {
        "q": -0.15632898647167848,
        "cov": 0.4098360655737705,
        "kept_acc": 0.3246753246753247,
        "kept_frac": 0.25666666666666665,
        "cov_ci95": [
          0.2765957446808511,
          0.5384920634920635
        ]
      },
      "weighted": {
        "q": -0.1898050195215075,
        "cov": 0.6557377049180327,
        "kept_acc": 0.3389830508474576,
        "kept_frac": 0.3933333333333333,
        "cov_ci95": [
          0.5370039682539683,
          0.7826268115942029
        ]
      }
    },
    {
      "score": "lp_median",
      "alpha": 0.05,
      "target": 0.95,
      "n_test": 300,
      "vanilla": {
        "q": -0.13147458517627772,
        "cov": 0.9836065573770492,
        "kept_acc": 0.22058823529411764,
        "kept_frac": 0.9066666666666666,
        "cov_ci95": [
          0.9433962264150944,
          1.0
        ]
      },
      "weighted": {
        "q": -0.14034330741133155,
        "cov": 0.9836065573770492,
        "kept_acc": 0.21739130434782608,
        "kept_frac": 0.92,
        "cov_ci95": [
          0.9433962264150944,
          1.0
        ]
      }
    },
    {
      "score": "lp_median",
      "alpha": 0.1,
      "target": 0.9,
      "n_test": 300,
      "vanilla": {
        "q": -0.10974181690481692,
        "cov": 0.9672131147540983,
        "kept_acc": 0.2388663967611336,
        "kept_frac": 0.8233333333333334,
        "cov_ci95": [
          0.9130434782608695,
          1.0
        ]
      },
      "weighted": {
        "q": -0.12261625848047515,
        "cov": 0.9836065573770492,
        "kept_acc": 0.22900763358778625,
        "kept_frac": 0.8733333333333333,
        "cov_ci95": [
          0.9433962264150944,
          1.0
        ]
      }
    },
    {
      "score": "lp_median",
      "alpha": 0.2,
      "target": 0.8,
      "n_test": 300,
      "vanilla": {
        "q": -0.09311799528585203,
        "cov": 0.8852459016393442,
        "kept_acc": 0.2535211267605634,
        "kept_frac": 0.71,