{
  "alphas": [
    0.05,
    0.1,
    0.2,
    0.3,
    0.5,
    0.7
  ],
  "vanilla_cov": [
    0.8844621513944223,
    0.7768924302788844,
    0.6334661354581673,
    0.47808764940239046,
    0.18725099601593626,
    0.18725099601593626
  ],
  "vanilla_ci": [
    [
      0.8448224344003298,
      0.9218800730519481
    ],
    [
      0.7238382444582925,
      0.828704561598567
    ],
    [
      0.5754841511072515,
      0.6917623655913978
    ],
    [
      0.41626181722689076,
      0.5434025905959868
    ],
    [
      0.14285714285714285,
      0.23487158167036215
    ],
    [
      0.14285714285714285,
      0.23487158167036215
    ]
  ],
  "weighted_cov": [
    1.0,
    0.9880478087649402,
    0.8844621513944223,
    0.8844621513944223,
    0.6334661354581673,
    0.47808764940239046
  ],
  "weighted_ci": [
    [
      1.0,
      1.0
    ],
    [
      0.9729703540750053,
      1.0
    ],
    [
      0.8448224344003298,
      0.9218800730519481
    ],
    [
      0.8448224344003298,
      0.9218800730519481
    ],
    [
      0.5754841511072515,
      0.6917623655913978
    ],
    [
      0.41626181722689076,
      0.5434025905959868
    ]
  ],
  "vanilla_kept_acc": [
    0.45867768595041325,
    0.5891238670694864,
    0.6824034334763949,
    0.7894736842105263,
    0.8867924528301887,
    0.8867924528301887
  ],
  "weighted_kept_acc": [
    0.2690246516613076,
    0.3401920438957476,
    0.45867768595041325,
    0.45867768595041325,
    0.6824034334763949,
    0.7894736842105263
  ],
  "vanilla_kept_frac": [
    0.5187566988210075,
    0.35476956055734193,
    0.2497320471596999,
    0.16291532690246516,
    0.05680600214362272,
    0.05680600214362272
  ],
  "weighted_kept_frac": [
    1.0,
    0.7813504823151125,
    0.5187566988210075,
    0.5187566988210075,
    0.2497320471596999,
    0.16291532690246516
  ],
  "q_vanilla": [
    0.375,
    0.5,
    0.625,
    0.75,
    1.0,
    1.0
  ],
  "q_weighted": [
    0.125,
    0.25,
    0.375,
    0.375,
    0.625,
    0.75
  ]
}