{
  "model": "Qwen/Qwen2.5-7B-Instruct",
  "tag": "qwen25_7b",
  "dataset": "math500",
  "n": 500,
  "vanilla_acc": 0.714,
  "results": {
    "always_K4": {
      "acc": 0.734,
      "delta": 0.020000000000000018,
      "n": 500,
      "flagged_n": 500,
      "avg_compute": 5.0
    },
    "gate_combined_f0.5_K4": {
      "acc": 0.732,
      "delta": 0.018000000000000016,
      "n": 500,
      "flagged_n": 433,
      "avg_compute": 4.464
    },
    "gate_ent_f0.5_K4": {
      "acc": 0.738,
      "delta": 0.02400000000000002,
      "n": 500,
      "flagged_n": 250,
      "avg_compute": 3.0
    },
    "always_K2": {
      "acc": 0.732,
      "delta": 0.018000000000000016,
      "n": 500,
      "flagged_n": 500,
      "avg_compute": 3.0
    }
  }
}