{
  "model": "Qwen/Qwen2.5-32B-Instruct",
  "tag": "qwen25_32b",
  "dataset": "aime",
  "n": 500,
  "vanilla_acc": 0.348,
  "results": {
    "always_K4": {
      "acc": 0.37,
      "delta": 0.02200000000000002,
      "n": 500,
      "flagged_n": 500,
      "avg_compute": 5.0
    },
    "gate_combined_f0.5_K4": {
      "acc": 0.382,
      "delta": 0.03400000000000003,
      "n": 500,
      "flagged_n": 446,
      "avg_compute": 4.568
    },
    "gate_ent_f0.5_K4": {
      "acc": 0.354,
      "delta": 0.006000000000000005,
      "n": 500,
      "flagged_n": 250,
      "avg_compute": 3.0
    },
    "always_K8": {
      "acc": 0.392,
      "delta": 0.04400000000000004,
      "n": 500,
      "flagged_n": 500,
      "avg_compute": 9.0
    },
    "gate_combined_f0.5_K8": {
      "acc": 0.392,
      "delta": 0.04400000000000004,
      "n": 500,
      "flagged_n": 446,
      "avg_compute": 8.136
    },
    "always_K2": {
      "acc": 0.364,
      "delta": 0.016000000000000014,
      "n": 500,
      "flagged_n": 500,
      "avg_compute": 3.0
    }
  }
}