{
  "model": "Qwen/Qwen2.5-Math-7B-Instruct",
  "tag": "qwen25_math_7b",
  "dataset": "math500",
  "n": 500,
  "vanilla_acc": 0.788,
  "results": {
    "always_K4": {
      "acc": 0.794,
      "delta": 0.006000000000000005,
      "n": 500,
      "flagged_n": 500,
      "avg_compute": 5.0
    },
    "gate_combined_f0.5_K4": {
      "acc": 0.798,
      "delta": 0.010000000000000009,
      "n": 500,
      "flagged_n": 434,
      "avg_compute": 4.4719999999999995
    },
    "gate_ent_f0.5_K4": {
      "acc": 0.796,
      "delta": 0.008000000000000007,
      "n": 500,
      "flagged_n": 250,
      "avg_compute": 3.0
    },
    "always_K2": {
      "acc": 0.796,
      "delta": 0.008000000000000007,
      "n": 500,
      "flagged_n": 500,
      "avg_compute": 3.0
    }
  }
}