{
  "model": "Qwen/Qwen2.5-Math-7B-Instruct",
  "tag": "qwen25_math_7b",
  "dataset": "olympiad",
  "n": 500,
  "vanilla_acc": 0.47,
  "results": {
    "always_K4": {
      "acc": 0.48,
      "delta": 0.010000000000000009,
      "n": 500,
      "flagged_n": 500,
      "avg_compute": 5.0
    },
    "gate_combined_f0.5_K4": {
      "acc": 0.48,
      "delta": 0.010000000000000009,
      "n": 500,
      "flagged_n": 409,
      "avg_compute": 4.272
    },
    "gate_ent_f0.5_K4": {
      "acc": 0.474,
      "delta": 0.0040000000000000036,
      "n": 500,
      "flagged_n": 250,
      "avg_compute": 3.0
    },
    "always_K2": {
      "acc": 0.476,
      "delta": 0.006000000000000005,
      "n": 500,
      "flagged_n": 500,
      "avg_compute": 3.0
    }
  }
}