{
  "model": "Qwen/Qwen2.5-Math-7B-Instruct",
  "tag": "qwen25_math_7b",
  "datasets": {
    "math500": {
      "vanilla_acc": 0.7676767676767676,
      "n": 99,
      "gen_time_sec": 606.421881198883,
      "hidden_drift_max_last": {
        "rho": 0.3540358476253783,
        "p": 0.00032433408602849863,
        "kept_acc_alpha_0.30": {
          "kept_acc": 0.867252767482535,
          "ci95": [
            0.7647035765255988,
            0.9382568449130316
          ]
        }
      },
      "hidden_drift_mean_last": {
        "rho": 0.04770695819065381,
        "p": 0.639129059367537,
        "kept_acc_alpha_0.30": {
          "kept_acc": 0.7810642743734013,
          "ci95": [
            0.658494025271385,
            0.8735798911425113
          ]
        }
      },
      "hidden_drift_max_penult": {
        "rho": 0.3783078088100969,
        "p": 0.00011300470489354492,
        "kept_acc_alpha_0.30": {
          "kept_acc": 0.8530112496804727,
          "ci95": [
            0.7498849456769998,
            0.9445622936263353
          ]
        }
      },
      "hidden_drift_mean_penult": {
        "rho": 0.13977301785682786,
        "p": 0.16763429669816585,
        "kept_acc_alpha_0.30": {
          "kept_acc": 0.7908485624473178,
          "ci95": [
            0.6689433507139391,
            0.8899663783631175
          ]
        }
      },
      "hidden_norm_var": {
        "rho": 0.3230681730103925,
        "p": 0.001107892700712312,
        "kept_acc_alpha_0.30": {
          "kept_acc": 0.8526306921890966,
          "ci95": [
            0.7566862501300254,
            0.9388259655969333
          ]
        }
      },
      "hidden_norm_range": {
        "rho": 0.41764512521291675,
        "p": 1.7001859159265896e-05,
        "kept_acc_alpha_0.30": {
          "kept_acc": 0.8897659102067367,
          "ci95": [
            0.7966896367521368,
            0.9671280956909989
          ]
        }
      }
    },
    "olympiad": {
      "vanilla_acc": 0.32,
      "n": 100,
      "gen_time_sec": 917.9939193725586,
      "hidden_drift_max_last": {
        "rho": -0.03416179836531791,
        "p": 0.7357991707000506,
        "kept_acc_alpha_0.30": {
          "kept_acc": 0.34095893030864033,
          "ci95": [
            0.22104960420566255,
            0.4719725592053177
          ]
        }
      },
      "hidden_drift_mean_last": {
        "rho": -0.03267650278421713,
        "p": 0.746889894236618,
        "kept_acc_alpha_0.30": {
          "kept_acc": 0.3316109683618106,
          "ci95": [
            0.20779612875474945,
            0.48455129719795265
          ]
        }
      },
      "hidden_drift_max_penult": {
        "rho": -0.01113971685825584,
        "p": 0.9124093516800131,
        "kept_acc_alpha_0.30": {
          "kept_acc": 0.32060368313246157,
          "ci95": [
            0.20393623850309894,
            0.4790838287615076
          ]
        }
      },
      "hidden_drift_mean_penult": {
        "rho": -0.016338251392108566,
        "p": 0.8718262948713678,
        "kept_acc_alpha_0.30": {
          "kept_acc": 0.3221304108489964,
          "ci95": [
            0.2037768003282019,
            0.4739679808114588
          ]
        }
      },
      "hidden_norm_var": {
        "rho": -0.004455886743302336,
        "p": 0.964905309338596,
        "kept_acc_alpha_0.30": {
          "kept_acc": 0.3219743854977174,
          "ci95": [
            0.20070128139132082,
            0.44410695444997766
          ]
        }
      },
      "hidden_norm_range": {
        "rho": 0.05866917545348076,
        "p": 0.5620391322195768,
        "kept_acc_alpha_0.30": {
          "kept_acc": 0.34335490589131257,
          "ci95": [
            0.22920645289669683,
            0.4796159697044164
          ]
        }
      }
    }
  }
}