{
  "model": "Qwen/Qwen2.5-7B-Instruct",
  "tag": "qwen25_7b",
  "datasets": {
    "math500": {
      "vanilla_acc": 0.776595744680851,
      "n": 94,
      "gen_time_sec": 567.1166908740997,
      "hidden_drift_max_last": {
        "rho": -0.048475633989489605,
        "p": 0.6426669394615832,
        "kept_acc_alpha_0.30": {
          "kept_acc": 0.7942489927023579,
          "ci95": [
            0.6769631765386076,
            0.8963672737944991
          ]
        }
      },
      "hidden_drift_mean_last": {
        "rho": -0.01647230281196249,
        "p": 0.874788765027196,
        "kept_acc_alpha_0.30": {
          "kept_acc": 0.789255354636301,
          "ci95": [
            0.6649151266849697,
            0.8876032232208702
          ]
        }
      },
      "hidden_drift_max_penult": {
        "rho": -0.1981382709667488,
        "p": 0.05557620639995364,
        "kept_acc_alpha_0.30": {
          "kept_acc": 0.8499349799630533,
          "ci95": [
            0.7380940852625635,
            0.9362678609704471
          ]
        }
      },
      "hidden_drift_mean_penult": {
        "rho": -0.06353602513185531,
        "p": 0.5429370209015354,
        "kept_acc_alpha_0.30": {
          "kept_acc": 0.7930892318063302,
          "ci95": [
            0.6780511094304705,
            0.8869366793224804
          ]
        }
      },
      "hidden_norm_var": {
        "rho": 0.003294460562392498,
        "p": 0.974859873206372,
        "kept_acc_alpha_0.30": {
          "kept_acc": 0.7976089689690719,
          "ci95": [
            0.680768544541364,
            0.9056036764833651
          ]
        }
      },
      "hidden_norm_range": {
        "rho": -0.05412328066787675,
        "p": 0.60438597271571,
        "kept_acc_alpha_0.30": {
          "kept_acc": 0.7791329878971527,
          "ci95": [
            0.6566905703141471,
            0.8865075572940929
          ]
        }
      }
    },
    "olympiad": {
      "vanilla_acc": 0.30303030303030304,
      "n": 99,
      "gen_time_sec": 921.4076974391937,
      "hidden_drift_max_last": {
        "rho": 0.10383079539693192,
        "p": 0.306425967553357,
        "kept_acc_alpha_0.30": {
          "kept_acc": 0.3509378348715904,
          "ci95": [
            0.22510479324633037,
            0.48332161401276375
          ]
        }
      },
      "hidden_drift_mean_last": {
        "rho": 0.01922792507350591,
        "p": 0.8501687334073773,
        "kept_acc_alpha_0.30": {
          "kept_acc": 0.2992096492686231,
          "ci95": [
            0.19145243127849032,
            0.41474363544875714
          ]
        }
      },
      "hidden_drift_max_penult": {
        "rho": -0.11536755044103547,
        "p": 0.2554899204336838,
        "kept_acc_alpha_0.30": {
          "kept_acc": 0.35462967198046214,
          "ci95": [
            0.22554716466354394,
            0.47709705243532075
          ]
        }
      },
      "hidden_drift_mean_penult": {
        "rho": -0.06152936023521892,
        "p": 0.5451737703639143,
        "kept_acc_alpha_0.30": {
          "kept_acc": 0.2973759832977921,
          "ci95": [
            0.18009931378700092,
            0.4372880311893779
          ]
        }
      },
      "hidden_norm_var": {
        "rho": -0.18458808070565674,
        "p": 0.06739153737239945,
        "kept_acc_alpha_0.30": {
          "kept_acc": 0.36338609834558,
          "ci95": [
            0.22636451256544904,
            0.4957520351025785
          ]
        }
      },
      "hidden_norm_range": {
        "rho": -0.13228812450572067,
        "p": 0.19179807564377876,
        "kept_acc_alpha_0.30": {
          "kept_acc": 0.3528614444040219,
          "ci95": [
            0.2140120921336777,
            0.4627572208493261
          ]
        }
      }
    }
  }
}