{
  "model": "Qwen/Qwen2.5-7B-Instruct",
  "n": 94,
  "vanilla_acc": 0.776595744680851,
  "spearman": {
    "hidden_drift_max_last": {
      "rho": -0.048475633989489605,
      "p": 0.6426669394615832,
      "n": 94
    },
    "hidden_drift_mean_last": {
      "rho": -0.01647230281196249,
      "p": 0.874788765027196,
      "n": 94
    },
    "hidden_drift_max_penult": {
      "rho": -0.1981382709667488,
      "p": 0.05557620639995364,
      "n": 94
    },
    "hidden_drift_mean_penult": {
      "rho": -0.06353602513185531,
      "p": 0.5429370209015354,
      "n": 94
    },
    "hidden_norm_var": {
      "rho": 0.003294460562392498,
      "p": 0.974859873206372,
      "n": 94
    },
    "hidden_norm_range": {
      "rho": -0.05412328066787675,
      "p": 0.60438597271571,
      "n": 94
    },
    "layer_disagreement_max": {
      "rho": 0.09540864985610284,
      "p": 0.3603316051284756,
      "n": 94
    },
    "layer_disagreement_mean": {
      "rho": -0.006848049245919749,
      "p": 0.9477705673680685,
      "n": 94
    }
  },
  "cp_alpha_0.30": {
    "hidden_drift_max_last": {
      "mean": 0.7863371856086188,
      "ci95": [
        0.635578947368421,
        0.9172857142857141
      ]
    },
    "hidden_drift_mean_last": {
      "mean": 0.7789460382971456,
      "ci95": [
        0.6331233850129199,
        0.896551724137931
      ]
    },
    "hidden_drift_max_penult": {
      "mean": 0.8419559283666981,
      "ci95": [
        0.7017592592592592,
        0.9592083333333333
      ]
    },
    "hidden_drift_mean_penult": {
      "mean": 0.7858883340301638,
      "ci95": [
        0.6328282828282829,
        0.8983620689655172
      ]
    },
    "hidden_norm_var": {
      "mean": 0.7927675633304,
      "ci95": [
        0.6359126984126985,
        0.9333704115684092
      ]
    },
    "hidden_norm_range": {
      "mean": 0.7687630026256677,
      "ci95": [
        0.6129032258064516,
        0.9077414772727271
      ]
    },
    "layer_disagreement_max": {
      "mean": 0.7655386015639765,
      "ci95": [
        0.6382978723404256,
        0.8710222016651248
      ]
    },
    "layer_disagreement_mean": {
      "mean": 0.7725004513983765,
      "ci95": [
        0.6428409090909091,
        0.8863636363636364
      ]
    }
  }
}