{
  "model": "microsoft/phi-4",
  "tag": "phi4",
  "datasets": {
    "math500": {
      "vanilla_acc": 0.78,
      "n": 100,
      "gen_time_sec": 843.5821969509125,
      "hidden_drift_max_last": {
        "rho": -0.17645588712643337,
        "p": 0.07905730439423238,
        "kept_acc_alpha_0.30": {
          "kept_acc": 0.8186755836480291,
          "ci95": [
            0.7172720370028838,
            0.9188388507309379
          ]
        }
      },
      "hidden_drift_mean_last": {
        "rho": -0.17227446800021454,
        "p": 0.08654254780036279,
        "kept_acc_alpha_0.30": {
          "kept_acc": 0.8407354018367114,
          "ci95": [
            0.719432289802774,
            0.9434052933073996
          ]
        }
      },
      "hidden_drift_max_penult": {
        "rho": -0.3320046786217727,
        "p": 0.0007393409012400796,
        "kept_acc_alpha_0.30": {
          "kept_acc": 0.8872477895544398,
          "ci95": [
            0.7939622615203388,
            0.9636234652560084
          ]
        }
      },
      "hidden_drift_mean_penult": {
        "rho": -0.21827007838862136,
        "p": 0.029136419571311346,
        "kept_acc_alpha_0.30": {
          "kept_acc": 0.8510391701024248,
          "ci95": [
            0.7426588905811269,
            0.9338153865657669
          ]
        }
      },
      "hidden_norm_var": {
        "rho": 0.1630753459225332,
        "p": 0.10499135908015877,
        "kept_acc_alpha_0.30": {
          "kept_acc": 0.8493867969472157,
          "ci95": [
            0.7579105481936365,
            0.9335490945138121
          ]
        }
      },
      "hidden_norm_range": {
        "rho": -0.0167256765048752,
        "p": 0.8688137426118835,
        "kept_acc_alpha_0.30": {
          "kept_acc": 0.7838588080348307,
          "ci95": [
            0.674979243530594,
            0.8799353420891973
          ]
        }
      }
    },
    "olympiad": {
      "vanilla_acc": 0.26,
      "n": 100,
      "gen_time_sec": 1292.1391558647156,
      "hidden_drift_max_last": {
        "rho": -0.026062960441988917,
        "p": 0.796872655884661,
        "kept_acc_alpha_0.30": {
          "kept_acc": 0.2694566362691465,
          "ci95": [
            0.15798330926620402,
            0.38334037915623737
          ]
        }
      },
      "hidden_drift_mean_last": {
        "rho": 0.04343826740331486,
        "p": 0.6678329476022622,
        "kept_acc_alpha_0.30": {
          "kept_acc": 0.26012550311369237,
          "ci95": [
            0.1495635713703052,
            0.3829237505171874
          ]
        }
      },
      "hidden_drift_max_penult": {
        "rho": -0.05528506760421892,
        "p": 0.5848473183952742,
        "kept_acc_alpha_0.30": {
          "kept_acc": 0.2737003937736764,
          "ci95": [
            0.15396320468011646,
            0.3976711597542242
          ]
        }
      },
      "hidden_drift_mean_penult": {
        "rho": 0.05923400100452027,
        "p": 0.5582739443831785,
        "kept_acc_alpha_0.30": {
          "kept_acc": 0.2501269618097333,
          "ci95": [
            0.14265065963846452,
            0.3680155091218577
          ]
        }
      },
      "hidden_norm_var": {
        "rho": 0.14058202905072809,
        "p": 0.16299039357429684,
        "kept_acc_alpha_0.30": {
          "kept_acc": 0.2992140050827793,
          "ci95": [
            0.1633446452753401,
            0.471897166402793
          ]
        }
      },
      "hidden_norm_range": {
        "rho": 0.06002378768458053,
        "p": 0.5530294744662085,
        "kept_acc_alpha_0.30": {
          "kept_acc": 0.2946931392588553,
          "ci95": [
            0.1689615285344605,
            0.43642828810470696
          ]
        }
      }
    }
  }
}