{
  "model": "Qwen/Qwen2.5-7B-Instruct",
  "n": 200,
  "vanilla_acc": 0.745,
  "spearman": {
    "entropy_p95": {
      "rho": -0.20018562517295133,
      "p": 0.004481272840047081,
      "n": 200
    },
    "entropy_mean": {
      "rho": -0.19521823993292772,
      "p": 0.0056021552362207575,
      "n": 200
    },
    "entropy_max": {
      "rho": -0.2017751884497589,
      "p": 0.0041677873313511115,
      "n": 200
    },
    "entropy_min": {
      "rho": -0.007252382450434465,
      "p": 0.9188180807040345,
      "n": 200
    },
    "sharpening_rate": {
      "rho": -0.03449086060474239,
      "p": 0.6277747081504961,
      "n": 200
    },
    "tempered_kl_max": {
      "rho": -0.204954315003374,
      "p": 0.0035993606133578435,
      "n": 200
    },
    "tempered_kl_mean": {
      "rho": -0.21012039565299853,
      "p": 0.0028234200195593378,
      "n": 200
    },
    "top1_margin_min": {
      "rho": 0.19859606189614376,
      "p": 0.004815801526613504,
      "n": 200
    },
    "top1_margin_mean": {
      "rho": 0.2613838113300422,
      "p": 0.00018507738665038612,
      "n": 200
    },
    "kl_uniform_min": {
      "rho": 0.2017751884497589,
      "p": 0.0041677873313511115,
      "n": 200
    },
    "kl_uniform_mean": {
      "rho": 0.19521823993292772,
      "p": 0.0056021552362207575,
      "n": 200
    }
  },
  "cp_alpha_0.30": {
    "entropy_p95": {
      "mean": 0.8036146285058389,
      "ci95": [
        0.7052944711538461,
        0.9044520547945205
      ]
    },
    "entropy_mean": {
      "mean": 0.8009215252358686,
      "ci95": [
        0.7108382209188662,
        0.8919318181818181
      ]
    },
    "entropy_max": {
      "mean": 0.8124261024207379,
      "ci95": [
        0.71765625,
        0.9074614065180102
      ]
    },
    "entropy_min": {
      "mean": 0.7653595153467291,
      "ci95": [
        0.646276991809382,
        0.8508244206773617
      ]
    },
    "sharpening_rate": {
      "mean": 0.7608887329391336,
      "ci95": [
        0.6604093799682035,
        0.8592704665492957
      ]
    },
    "tempered_kl_max": {
      "mean": 0.8224271154282589,
      "ci95": [
        0.7226282051282051,
        0.9115366541353382
      ]
    },
    "tempered_kl_mean": {
      "mean": 0.8058538733935324,
      "ci95": [
        0.7152985074626865,
        0.8931961287313432
      ]
    },
    "top1_margin_min": {
      "mean": 0.8198200800189962,
      "ci95": [
        0.7132583170254403,
        0.9193989071038251
      ]
    },
    "top1_margin_mean": {
      "mean": 0.8341001043806777,
      "ci95": [
        0.7480410447761194,
        0.9098032564450474
      ]
    },
    "kl_uniform_min": {
      "mean": 0.8124261024207379,
      "ci95": [
        0.71765625,
        0.9074614065180102
      ]
    },
    "kl_uniform_mean": {
      "mean": 0.8009215252358686,
      "ci95": [
        0.7108382209188662,
        0.8919318181818181
      ]
    }
  },
  "wallclock_sec": 20.887059211730957
}