{
  "datasets": [
    {
      "dataset": "MATH-500-full",
      "n": 500,
      "vanilla_acc": 0.728,
      "scores": {
        "para_M3_agree_greedy": {
          "alpha_0.05": {
            "mean": 0.862547332674208,
            "ci95": [
              0.7935679611650486,
              0.9212859623015872
            ]
          },
          "alpha_0.1": {
            "mean": 0.8956274894943786,
            "ci95": [
              0.8461629840817296,
              0.9442805383022774
            ]
          },
          "alpha_0.2": {
            "mean": 0.9273741577145586,
            "ci95": [
              0.8862176724137931,
              0.9624026893135172
            ]
          },
          "alpha_0.3": {
            "mean": 0.9274664238333662,
            "ci95": [
              0.8862176724137931,
              0.9624026893135172
            ]
          },
          "alpha_0.5": {
            "mean": 0.9274664238333662,
            "ci95": [
              0.8862176724137931,
              0.9624026893135172
            ]
          }
        },
        "para_M3_consensus": {
          "alpha_0.05": {
            "mean": 0.7928636746878022,
            "ci95": [
              0.7292882882882883,
              0.8439630681818181
            ]
          },
          "alpha_0.1": {
            "mean": 0.7947362145702012,
            "ci95": [
              0.7350720437058198,
              0.8475378787878788
            ]
          },
          "alpha_0.2": {
            "mean": 0.8561101895284653,
            "ci95": [
              0.7696239298817774,
              0.9071904283201092
            ]
          },
          "alpha_0.3": {
            "mean": 0.863900001439685,
            "ci95": [
              0.8149165061014771,
              0.9096605243828442
            ]
          },
          "alpha_0.5": {
            "mean": 0.863900001439685,
            "ci95": [
              0.8149165061014771,
              0.9096605243828442
            ]
          }
        },
        "xtemp_N2_agree_greedy": {
          "alpha_0.05": {
            "mean": 0.8272585549861522,
            "ci95": [
              0.696,
              0.9267922794117647
            ]
          },
          "alpha_0.1": {
            "mean": 0.8813838382575169,
            "ci95": [
              0.8272501329080276,
              0.9278645833333333
            ]
          },
          "alpha_0.2": {
            "mean": 0.9167074332087839,
            "ci95": [
              0.864749297094658,
              0.9594348659003831
            ]
          },
          "alpha_0.3": {
            "mean": 0.9206222528614192,
            "ci95": [
              0.8757711038961039,
              0.9594348659003831
            ]
          },
          "alpha_0.5": {
            "mean": 0.9206222528614192,
            "ci95": [
              0.8757711038961039,
              0.9594348659003831
            ]
          }
        },
        "xtemp_N2_top1_inc_greedy": {
          "alpha_0.05": {
            "mean": 0.7291733333333333,
            "ci95": [
              0.6699,
              0.78
            ]
          },
          "alpha_0.1": {
            "mean": 0.729471541218638,
            "ci95": [
              0.6699,
              0.78
            ]
          },
          "alpha_0.2": {
            "mean": 0.8227722162898887,
            "ci95": [
              0.6979,
              0.8965975158562367
            ]
          },
          "alpha_0.3": {
            "mean": 0.8636752035010918,
            "ci95": [
              0.80473086627418,
              0.9543310641844954
            ]
          },
          "alpha_0.5": {
            "mean": 0.9337383874803588,
            "ci95": [
              0.8907599431818182,
              0.9754182624470873
            ]
          }
        }
      }
    },
    {
      "dataset": "AIME-200",
      "n": 200,
      "vanilla_acc": 0.235,
      "scores": {
        "para_M3_agree_greedy": {
          "alpha_0.05": {
            "mean": 0.3264007223786993,
            "ci95": [
              0.15475,
              0.7184523809523807
            ]
          },
          "alpha_0.1": {
            "mean": 0.4537746290032456,
            "ci95": [
              0.17,
              0.7619047619047619
            ]
          },
          "alpha_0.2": {
            "mean": 0.6304893780668,
            "ci95": [
              0.23475000000000001,
              0.8333333333333334
            ]
          },
          "alpha_0.3": {
            "mean": 0.7142649326127137,
            "ci95": [
              0.47576252723311546,
              0.9333333333333333
            ]
          },
          "alpha_0.5": {
            "mean": 0.7959456659414511,
            "ci95": [
              0.5871703853955376,
              0.95
            ]
          }
        },
        "para_M3_consensus": {
          "alpha_0.05": {
            "mean": 0.2521737155314358,
            "ci95": [
              0.15,
              0.4550667147493683
            ]
          },
          "alpha_0.1": {
            "mean": 0.2846657205757238,
            "ci95": [
              0.15475,
              0.5087981510015408
            ]
          },
          "alpha_0.2": {
            "mean": 0.3978371913235158,
            "ci95": [
              0.19,
              0.72
            ]
          },
          "alpha_0.3": {
            "mean": 0.5195928073399126,
            "ci95": [
              0.24035185185185184,
              0.822531512605042
            ]
          },
          "alpha_0.5": {
            "mean": 0.6894732564927238,
            "ci95": [
              0.45142229417206287,
              0.8605519480519479
            ]
          }
        },
        "xtemp_N2_agree_greedy": {
          "alpha_0.05": {
            "mean": 0.2967630618790169,
            "ci95": [
              0.15475,
              0.6918055555555555
            ]
          },
          "alpha_0.1": {
            "mean": 0.3748711099618216,
            "ci95": [
              0.16,
              0.7184523809523807
            ]
          },
          "alpha_0.2": {
            "mean": 0.5509920369300083,
            "ci95": [
              0.21475,
              0.7535472972972972
            ]
          },
          "alpha_0.3": {
            "mean": 0.6071224692146947,
            "ci95": [
              0.36765327695560257,
              0.8519230769230767
            ]
          },
          "alpha_0.5": {
            "mean": 0.723157484868925,
            "ci95": [
              0.4798387096774194,
              0.9333333333333333
            ]
          }
        },
        "xtemp_N2_top1_inc_greedy": {
          "alpha_0.05": {
            "mean": 0.23918694750800015,
            "ci95": [
              0.15,
              0.35
            ]
          },
          "alpha_0.1": {
            "mean": 0.2509601682977862,
            "ci95": [
              0.15475,
              0.5408260233918123
            ]
          },
          "alpha_0.2": {
            "mean": 0.3675033559529161,
            "ci95": [
              0.16,
              0.6666666666666666
            ]
          },
          "alpha_0.3": {
            "mean": 0.5325823195188045,
            "ci95": [
              0.2,
              0.8519230769230767
            ]
          },
          "alpha_0.5": {
            "mean": 0.718288198706525,
            "ci95": [
              0.46053571428571427,
              0.9333333333333333
            ]
          }
        }
      }
    },
    {
      "dataset": "Olympiad-200",
      "n": 200,
      "vanilla_acc": 0.43,
      "scores": {
        "para_M3_agree_greedy": {
          "alpha_0.05": {
            "mean": 0.49020259394815136,
            "ci95": [
              0.34,
              0.6601412671232876
            ]
          },
          "alpha_0.1": {
            "mean": 0.5476263442377179,