{
  "model": "microsoft/phi-4",
  "tag": "phi4",
  "dataset": "olympiad",
  "n": 200,
  "vanilla_acc": 0.485,
  "scores": {
    "prov_n_flips": {
      "rho": -0.07178031526147373,
      "p": 0.3124628766595694,
      "kept_acc_alpha_0.30": {
        "kept_acc": 0.5233486924252435,
        "ci95": [
          0.4188070241970987,
          0.6185048479441603
        ]
      }
    },
    "prov_final_match_rate": {
      "rho": 0.24641516851474124,
      "p": 0.0004358154986755697,
      "kept_acc_alpha_0.30": {
        "kept_acc": 0.5810346077767045,
        "ci95": [
          0.47415517248276856,
          0.6679467514685161
        ]
      }
    },
    "prov_gold_match_rate": {
      "rho": 0.6380324993140305,
      "p": 2.9602324378734952e-24,
      "kept_acc_alpha_0.30": {
        "kept_acc": 0.8028503514023332,
        "ci95": [
          0.7170144388596148,
          0.8887795615058848
        ]
      }
    },
    "prov_first_match_step": {
      "rho": 0.006016033752084188,
      "p": 0.9326214989592496,
      "kept_acc_alpha_0.30": {
        "kept_acc": 0.5146045353961752,
        "ci95": [
          0.4157297722884802,
          0.603769610034831
        ]
      }
    },
    "prov_last_3_stable": {
      "rho": 0.011214018210481387,
      "p": 0.8747711600277235,
      "kept_acc_alpha_0.30": {
        "kept_acc": 0.4881887141176408,
        "ci95": [
          0.4039,
          0.5630499999999999
        ]
      }
    },
    "prefix_lp_drift_max_abs": {
      "rho": -0.1427003965999183,
      "p": 0.04382436648547209,
      "kept_acc_alpha_0.30": {
        "kept_acc": 0.5298038764373231,
        "ci95": [
          0.4229497453978914,
          0.6321931944292924
        ]
      }
    },
    "prefix_lp_drift_pos_sum": {
      "rho": -0.017415166798168534,
      "p": 0.8066403529034124,
      "kept_acc_alpha_0.30": {
        "kept_acc": 0.48238903007554135,
        "ci95": [
          0.3892966692272776,
          0.5651630713026025
        ]
      }
    },
    "prefix_lp_drift_neg_sum": {
      "rho": 0.30212327222749197,
      "p": 1.374304826817602e-05,
      "kept_acc_alpha_0.30": {
        "kept_acc": 0.5994883241260041,
        "ci95": [
          0.5027007784149042,
          0.696418474968655
        ]
      }
    },
    "prefix_ent_drift_max_abs": {
      "rho": -0.1770108744709369,
      "p": 0.012160467650985773,
      "kept_acc_alpha_0.30": {
        "kept_acc": 0.5226285527378587,
        "ci95": [
          0.42160005015003754,
          0.6347057077112069
        ]
      }
    },
    "prefix_ent_drift_pos_sum": {
      "rho": -0.3457932934819298,
      "p": 5.298362175092876e-07,
      "kept_acc_alpha_0.30": {
        "kept_acc": 0.6104109738302799,
        "ci95": [
          0.5161673798762825,
          0.7154644821857511
        ]
      }
    },
    "prefix_marg_drift_max_abs": {
      "rho": 0.10284479099216941,
      "p": 0.147289013822722,
      "kept_acc_alpha_0.30": {
        "kept_acc": 0.5204830417000108,
        "ci95": [
          0.4274109513018756,
          0.6082883630101057
        ]
      }
    },
    "lp_monotone_up_frac": {
      "rho": 0.2495569023679505,
      "p": 0.0003656663679810102,
      "kept_acc_alpha_0.30": {
        "kept_acc": 0.5740121315885166,
        "ci95": [
          0.45372398742339226,
          0.6966213740404168
        ]
      }
    },
    "lp_pref_var": {
      "rho": 0.08049099480347546,
      "p": 0.2572062975822642,
      "kept_acc_alpha_0.30": {
        "kept_acc": 0.496519261253682,
        "ci95": [
          0.3983340190626525,
          0.5872630844407161
        ]
      }
    }
  }
}