{
  "tag": "qwen25_7b",
  "dataset": "aime",
  "n": 200,
  "vanilla_acc": 0.27,
  "score_signs": {
    "running_lp_min": 1,
    "running_lp_drawdown": -1,
    "running_entropy_mean": -1,
    "running_lp_mean": 1,
    "prov_modal_frac": 1,
    "prov_n_distinct": 1,
    "prov_last3_stable": 1,
    "prov_n_flips": 1,
    "prov_match_latest_rate": 1
  },
  "results": {
    "running_lp_min_alpha_0.1": {
      "trajectory_cp": {
        "kept_acc": 0.36403650350528854,
        "kept_acc_ci": [
          0.23983333333333334,
          0.5
        ]
      },
      "approach_A_per_step": {
        "kept_acc": 0.4047491798151724,
        "kept_acc_ci": [
          0.2553087192323738,
          0.5790085679314565
        ],
        "avg_steps_used": 5.586783333333333,
        "kept_frac": 0.5345500000000001
      },
      "approach_B_bonferroni": {
        "kept_acc": 0.3504808052864365,
        "kept_acc_ci": [
          0.23905105031753787,
          0.4902053274139844
        ],
        "avg_steps_used": 7.054633333333334,
        "kept_frac": 0.7295166666666666
      }
    },
    "running_lp_drawdown_alpha_0.1": {
      "trajectory_cp": {
        "kept_acc": 0.35051716886581535,
        "kept_acc_ci": [
          0.22783371691599538,
          0.4902362584378013
        ]
      },
      "approach_A_per_step": {
        "kept_acc": 0.39117789652992146,
        "kept_acc_ci": [
          0.2399782608695652,
          0.555691056910569
        ],
        "avg_steps_used": 6.085616666666667,
        "kept_frac": 0.5415
      },
      "approach_B_bonferroni": {
        "kept_acc": 0.3452797973501994,
        "kept_acc_ci": [
          0.23074712643678164,
          0.5094432112467628
        ],
        "avg_steps_used": 7.368166666666666,
        "kept_frac": 0.7351166666666666
      }
    },
    "running_entropy_mean_alpha_0.1": {
      "trajectory_cp": {
        "kept_acc": 0.3416551491024798,
        "kept_acc_ci": [
          0.21532786885245903,
          0.5172911140583554
        ]
      },
      "approach_A_per_step": {
        "kept_acc": 0.4283236274712241,
        "kept_acc_ci": [
          0.2744178921568628,
          0.6038108242303872
        ],
        "avg_steps_used": 4.828533333333334,
        "kept_frac": 0.42635
      },
      "approach_B_bonferroni": {
        "kept_acc": 0.39040146123020825,
        "kept_acc_ci": [
          0.26525241675617617,
          0.5365853658536586
        ],
        "avg_steps_used": 6.32995,
        "kept_frac": 0.6095166666666666
      }
    },
    "running_lp_mean_alpha_0.1": {
      "trajectory_cp": {
        "kept_acc": 0.35288798252975234,
        "kept_acc_ci": [
          0.2197651663405088,
          0.527326203208556
        ]
      },
      "approach_A_per_step": {
        "kept_acc": 0.43069937279300813,
        "kept_acc_ci": [
          0.2700924608819346,
          0.5952507598784195
        ],
        "avg_steps_used": 4.761083333333333,
        "kept_frac": 0.4238
      },
      "approach_B_bonferroni": {
        "kept_acc": 0.39067461864551617,
        "kept_acc_ci": [
          0.26919642857142856,
          0.5334615384615383
        ],
        "avg_steps_used": 6.324033333333333,
        "kept_frac": 0.6060166666666666
      }
    },
    "prov_modal_frac_alpha_0.1": {
      "trajectory_cp": {
        "kept_acc": 0.28046293055117283,
        "kept_acc_ci": [
          0.18084785952319918,
          0.38358798735511057
        ]
      },
      "approach_A_per_step": {
        "kept_acc": 0.25855418044011236,
        "kept_acc_ci": [
          0.17072477827051,
          0.35294117647058826
        ],
        "avg_steps_used": 8.863083333333332,
        "kept_frac": 0.9050833333333332
      },
      "approach_B_bonferroni": {
        "kept_acc": 0.26685183956970093,
        "kept_acc_ci": [
          0.18,
          0.36082474226804123
        ],
        "avg_steps_used": 9.096400000000001,
        "kept_frac": 0.9544500000000001
      }
    },
    "prov_n_distinct_alpha_0.1": {
      "trajectory_cp": {
        "kept_acc": 0.26730913237610454,
        "kept_acc_ci": [
          0.18,
          0.358695652173913
        ]
      },
      "approach_A_per_step": {
        "kept_acc": 0.27608696679717504,
        "kept_acc_ci": [
          0.18504273504273505,
          0.37941091954022976
        ],
        "avg_steps_used": 7.9872,
        "kept_frac": 0.8416666666666667
      },
      "approach_B_bonferroni": {
        "kept_acc": 0.2750331191847354,
        "kept_acc_ci": [
          0.18553309820944114,
          0.3708253645708821
        ],
        "avg_steps_used": 8.722666666666667,
        "kept_frac": 0.9311833333333333
      }
    },
    "prov_last3_stable_alpha_0.1": {
      "trajectory_cp": {
        "kept_acc": 0.2680833333333334,
        "kept_acc_ci": [
          0.18,
          0.36
        ]
      },
      "approach_A_per_step": {
        "kept_acc": 0.26813987319433547,
        "kept_acc_ci": [
          0.18,
          0.36
        ],
        "avg_steps_used": 9.265216666666667,
        "kept_frac": 0.9976166666666666
      },
      "approach_B_bonferroni": {
        "kept_acc": 0.2681786996612518,
        "kept_acc_ci": [
          0.18,
          0.36
        ],
        "avg_steps_used": 9.267533333333335,
        "kept_frac": 0.9979666666666667
      }
    },
    "prov_n_flips_alpha_0.1": {
      "trajectory_cp": {
        "kept_acc": 0.27394746305118667,
        "kept_acc_ci": [
          0.18,
          0.36366310160427806
        ]
      },
      "approach_A_per_step": {
        "kept_acc": 0.2859210780870102,
        "kept_acc_ci": [
          0.1898324646314222,
          0.39285714285714285
        ],
        "avg_steps_used": 7.878416666666667,
        "kept_frac": 0.8187333333333333
      },
      "approach_B_bonferroni": {
        "kept_acc": 0.27865013089966056,
        "kept_acc_ci": [
          0.18999683544303797,
          0.3723753492370513
        ],
        "avg_steps_used": 8.684683333333332,
        "kept_frac": 0.9218166666666665
      }
    },
    "prov_match_latest_rate_alpha_0.1": {
      "trajectory_cp": {
        "kept_acc": 0.2871179477346319,
        "kept_acc_ci": [
          0.19399838158604568,
          0.39439715214363097
        ]
      },
      "approach_A_per_step": {
        "kept_acc": 0.27204731211331107,
        "kept_acc_ci": [
          0.18673469387755104,
          0.36011764705882343
        ],
        "avg_steps_used": 9.0072,
        "kept_frac": 0.9500166666666666
      },
      "approach_B_bonferroni": {
        "kept_acc": 0.2726339319034387,
        "kept_acc_ci": [
          0.18748282967032967,
          0.36
        ],
        "avg_steps_used": 9.083483333333334,
        "kept_frac": 0.9636000000000001
      }
    },
    "running_lp_min_alpha_0.3": {
      "trajectory_cp": {
        "kept_acc": 0.42260421125085745,
        "kept_acc_ci": [
          0.2702702702702703,
          0.5833841463414634
        ]
      },
      "approach_A_per_step": {
        "kept_acc": 0.4694452379789715,
        "kept_acc_ci": [
          0.2757836990595611,
          0.6775293255131963
        ],
        "avg_steps_used": 3.418766666666667,
        "kept_frac": 0.28586666666666666
      },
      "approach_B_bonferroni": {
        "kept_acc": 0.3504808052864365,
        "kept_acc_ci": [
          0.23905105031753787,
          0.4902053274139844
        ],
        "avg_steps_used": 7.054633333333334,
        "kept_frac": 0.7295166666666666
      }
    },
    "running_lp_drawdown_alpha_0.3": {
      "trajectory_cp": {
        "kept_acc": 0.3884829094781594,
        "kept_acc_ci": [
          0.24989754098360656,
          0.5333720930232557
        ]
      },
      "approach_A_per_step": {
        "kept_acc": 0.4682620797747815,
        "kept_acc_ci": [
          0.26666666666666666,
          0.6666666666666666
        ],
        "avg_steps_used": 3.8355166666666674,
        "kept_frac": 0.27449999999999997
      },