{
  "model": "Qwen/Qwen2.5-7B-Instruct",
  "tag": "qwen25_7b",
  "dataset": "aime",
  "n": 200,
  "vanilla_acc": 0.27,
  "scores": {
    "prov_n_flips": {
      "rho": 0.051444010683986956,
      "p": 0.46940517888888933,
      "kept_acc_alpha_0.30": {
        "kept_acc": 0.29240896730864446,
        "ci95": [
          0.20777589967153173,
          0.37779593597449385
        ]
      }
    },
    "prov_final_match_rate": {
      "rho": 0.3062223856666887,
      "p": 1.0341892106670252e-05,
      "kept_acc_alpha_0.30": {
        "kept_acc": 0.4119616247351706,
        "ci95": [
          0.30755324183146016,
          0.532672264331455
        ]
      }
    },
    "prov_gold_match_rate": {
      "rho": 0.6861389209184007,
      "p": 3.578408949592907e-29,
      "kept_acc_alpha_0.30": {
        "kept_acc": 0.6865823249202095,
        "ci95": [
          0.5544253252494632,
          0.8266923076923077
        ]
      }
    },
    "prov_first_match_step": {
      "rho": 0.08451435150306934,
      "p": 0.23410465688937984,
      "kept_acc_alpha_0.30": {
        "kept_acc": 0.3096100253672068,
        "ci95": [
          0.2293925245151268,
          0.39855248205995963
        ]
      }
    },
    "prov_last_3_stable": {
      "rho": 0.16488134192831239,
      "p": 0.01964026872781433,
      "kept_acc_alpha_0.30": {
        "kept_acc": 0.27243108058787585,
        "ci95": [
          0.20800000000000002,
          0.3481235294117647
        ]
      }
    },
    "prefix_lp_drift_max_abs": {
      "rho": -0.2866088745133112,
      "p": 4.648549719627503e-05,
      "kept_acc_alpha_0.30": {
        "kept_acc": 0.38446140980024546,
        "ci95": [
          0.27154000598677736,
          0.5174721430272513
        ]
      }
    },
    "prefix_lp_drift_pos_sum": {
      "rho": -0.2457088892097767,
      "p": 0.0005179624435657973,
      "kept_acc_alpha_0.30": {
        "kept_acc": 0.34240923633561193,
        "ci95": [
          0.24707120533469937,
          0.4505749479868994
        ]
      }
    },
    "prefix_lp_drift_neg_sum": {
      "rho": 0.0648116768798453,
      "p": 0.3667865508116017,
      "kept_acc_alpha_0.30": {
        "kept_acc": 0.304626122968352,
        "ci95": [
          0.21604876181731486,
          0.4181157646745698
        ]
      }
    },
    "prefix_ent_drift_max_abs": {
      "rho": -0.2954465809343025,
      "p": 2.622062995515266e-05,
      "kept_acc_alpha_0.30": {
        "kept_acc": 0.3626136884844139,
        "ci95": [
          0.2609563325546851,
          0.49259447764271314
        ]
      }
    },
    "prefix_ent_drift_pos_sum": {
      "rho": -0.0773796693283335,
      "p": 0.28103228990965085,
      "kept_acc_alpha_0.30": {
        "kept_acc": 0.30421789567724133,
        "ci95": [
          0.21160425150568765,
          0.40814193141551025
        ]
      }
    },
    "prefix_marg_drift_max_abs": {
      "rho": -0.18055639746141547,
      "p": 0.011326217466943246,
      "kept_acc_alpha_0.30": {
        "kept_acc": 0.29900484969145774,
        "ci95": [
          0.22211884598463214,
          0.40499338627906845
        ]
      }
    },
    "lp_monotone_up_frac": {
      "rho": -0.0416191404445753,
      "p": 0.5624595881150389,
      "kept_acc_alpha_0.30": {
        "kept_acc": 0.26921326825937153,
        "ci95": [
          0.19813971218150234,
          0.3560313304976998
        ]
      }
    },
    "lp_pref_var": {
      "rho": -0.21220771813194245,
      "p": 0.002826632244189507,
      "kept_acc_alpha_0.30": {
        "kept_acc": 0.32294386009212644,
        "ci95": [
          0.2360803171690691,
          0.43228260714717043
        ]
      }
    }
  }
}