{
  "model": "Qwen/Qwen2.5-Math-7B-Instruct",
  "tag": "qwen25_math_7b",
  "dataset": "math500",
  "n": 200,
  "vanilla_acc": 0.8,
  "results": {
    "gate_ent_f0.25_K2": {
      "acc": 0.8,
      "delta": 0.0,
      "n": 200,
      "flagged_n": 50,
      "avg_compute": 1.5
    },
    "gate_ent_f0.25_K4": {
      "acc": 0.795,
      "delta": -0.0050000000000000044,
      "n": 200,
      "flagged_n": 50,
      "avg_compute": 2.0
    },
    "gate_ent_f0.25_K8": {
      "acc": 0.795,
      "delta": -0.0050000000000000044,
      "n": 200,
      "flagged_n": 50,
      "avg_compute": 3.0
    },
    "gate_ent_f0.5_K2": {
      "acc": 0.795,
      "delta": -0.0050000000000000044,
      "n": 200,
      "flagged_n": 100,
      "avg_compute": 2.0
    },
    "gate_ent_f0.5_K4": {
      "acc": 0.795,
      "delta": -0.0050000000000000044,
      "n": 200,
      "flagged_n": 100,
      "avg_compute": 3.0
    },
    "gate_ent_f0.5_K8": {
      "acc": 0.795,
      "delta": -0.0050000000000000044,
      "n": 200,
      "flagged_n": 100,
      "avg_compute": 5.0
    },
    "gate_ent_f0.75_K2": {
      "acc": 0.795,
      "delta": -0.0050000000000000044,
      "n": 200,
      "flagged_n": 150,
      "avg_compute": 2.5
    },
    "gate_ent_f0.75_K4": {
      "acc": 0.795,
      "delta": -0.0050000000000000044,
      "n": 200,
      "flagged_n": 150,
      "avg_compute": 4.0
    },
    "gate_ent_f0.75_K8": {
      "acc": 0.8,
      "delta": 0.0,
      "n": 200,
      "flagged_n": 150,
      "avg_compute": 7.0
    },
    "gate_lp_f0.25_K2": {
      "acc": 0.8,
      "delta": 0.0,
      "n": 200,
      "flagged_n": 50,
      "avg_compute": 1.5
    },
    "gate_lp_f0.25_K4": {
      "acc": 0.795,
      "delta": -0.0050000000000000044,
      "n": 200,
      "flagged_n": 50,
      "avg_compute": 2.0
    },
    "gate_lp_f0.25_K8": {
      "acc": 0.8,
      "delta": 0.0,
      "n": 200,
      "flagged_n": 50,
      "avg_compute": 3.0
    },
    "gate_lp_f0.5_K2": {
      "acc": 0.8,
      "delta": 0.0,
      "n": 200,
      "flagged_n": 100,
      "avg_compute": 2.0
    },
    "gate_lp_f0.5_K4": {
      "acc": 0.79,
      "delta": -0.010000000000000009,
      "n": 200,
      "flagged_n": 100,
      "avg_compute": 3.0
    },
    "gate_lp_f0.5_K8": {
      "acc": 0.795,
      "delta": -0.0050000000000000044,
      "n": 200,
      "flagged_n": 100,
      "avg_compute": 5.0
    },
    "gate_lp_f0.75_K2": {
      "acc": 0.795,
      "delta": -0.0050000000000000044,
      "n": 200,
      "flagged_n": 150,
      "avg_compute": 2.5
    },
    "gate_lp_f0.75_K4": {
      "acc": 0.795,
      "delta": -0.0050000000000000044,
      "n": 200,
      "flagged_n": 150,
      "avg_compute": 4.0
    },
    "gate_lp_f0.75_K8": {
      "acc": 0.795,
      "delta": -0.0050000000000000044,
      "n": 200,
      "flagged_n": 150,
      "avg_compute": 7.0
    },
    "gate_combined_f0.25_K2": {
      "acc": 0.795,
      "delta": -0.0050000000000000044,
      "n": 200,
      "flagged_n": 145,
      "avg_compute": 2.45
    },
    "gate_combined_f0.25_K4": {
      "acc": 0.8,
      "delta": 0.0,
      "n": 200,
      "flagged_n": 145,
      "avg_compute": 3.9
    },
    "gate_combined_f0.25_K8": {
      "acc": 0.8,
      "delta": 0.0,
      "n": 200,
      "flagged_n": 145,
      "avg_compute": 6.8
    },
    "gate_combined_f0.5_K2": {
      "acc": 0.79,
      "delta": -0.010000000000000009,
      "n": 200,
      "flagged_n": 172,
      "avg_compute": 2.7199999999999998
    },
    "gate_combined_f0.5_K4": {
      "acc": 0.79,
      "delta": -0.010000000000000009,
      "n": 200,
      "flagged_n": 172,
      "avg_compute": 4.4399999999999995
    },
    "gate_combined_f0.5_K8": {
      "acc": 0.79,
      "delta": -0.010000000000000009,
      "n": 200,
      "flagged_n": 172,
      "avg_compute": 7.88
    },
    "gate_combined_f0.75_K2": {
      "acc": 0.805,
      "delta": 0.0050000000000000044,
      "n": 200,
      "flagged_n": 188,
      "avg_compute": 2.88
    },
    "gate_combined_f0.75_K4": {
      "acc": 0.795,
      "delta": -0.0050000000000000044,
      "n": 200,
      "flagged_n": 188,
      "avg_compute": 4.76
    },
    "gate_combined_f0.75_K8": {
      "acc": 0.8,
      "delta": 0.0,
      "n": 200,
      "flagged_n": 188,
      "avg_compute": 8.52
    },
    "always_K2": {
      "acc": 0.79,
      "delta": -0.010000000000000009,
      "n": 200,
      "flagged_n": 200,
      "avg_compute": 3.0
    },
    "always_K4": {
      "acc": 0.785,
      "delta": -0.015000000000000013,
      "n": 200,
      "flagged_n": 200,
      "avg_compute": 5.0
    },
    "always_K8": {
      "acc": 0.795,
      "delta": -0.0050000000000000044,
      "n": 200,
      "flagged_n": 200,
      "avg_compute": 9.0
    }
  }
}