{
  "model": "Qwen/Qwen2.5-7B-Instruct",
  "tag": "qwen25_7b",
  "dataset": "math500",
  "n": 200,
  "vanilla_acc": 0.745,
  "scores": {
    "prov_n_flips": {
      "rho": -0.08359113502577696,
      "p": 0.23927209353248544,
      "kept_acc_alpha_0.30": {
        "kept_acc": 0.7494451553917307,
        "ci95": [
          0.6823606488855188,
          0.8114818157408163
        ]
      }
    },
    "prov_final_match_rate": {
      "rho": 0.162049617321517,
      "p": 0.02187468414446743,
      "kept_acc_alpha_0.30": {
        "kept_acc": 0.7858856135102144,
        "ci95": [
          0.7200283816448385,
          0.8483129667121955
        ]
      }
    },
    "prov_gold_match_rate": {
      "rho": 0.5902192406340021,
      "p": 3.672161430316515e-20,
      "kept_acc_alpha_0.30": {
        "kept_acc": 0.9392736979352818,
        "ci95": [
          0.8837205387713106,
          0.982117960841162
        ]
      }
    },
    "prov_first_match_step": {
      "rho": -0.01727324938797678,
      "p": 0.8081854464099083,
      "kept_acc_alpha_0.30": {
        "kept_acc": 0.747381512633652,
        "ci95": [
          0.6691194940327838,
          0.8128669189493881
        ]
      }
    },
    "prov_last_3_stable": {
      "rho": 0.06306747507263369,
      "p": 0.37497023265149376,
      "kept_acc_alpha_0.30": {
        "kept_acc": 0.7423066666666666,
        "ci95": [
          0.68295,
          0.8040999999999998
        ]
      }
    },
    "prefix_lp_drift_max_abs": {
      "rho": -0.0750173772939332,
      "p": 0.30753530390612493,
      "kept_acc_alpha_0.30": {
        "kept_acc": 0.7660457200826011,
        "ci95": [
          0.6865284458346049,
          0.8528355981308958
        ]
      }
    },
    "prefix_lp_drift_pos_sum": {
      "rho": -0.12007307950308428,
      "p": 0.10165290508733998,
      "kept_acc_alpha_0.30": {
        "kept_acc": 0.7717780543263761,
        "ci95": [
          0.6881611223359024,
          0.8631597349588234
        ]
      }
    },
    "prefix_lp_drift_neg_sum": {
      "rho": 0.06566590078117908,
      "p": 0.37190490040590096,
      "kept_acc_alpha_0.30": {
        "kept_acc": 0.7660316014840165,
        "ci95": [
          0.679028441373495,
          0.8517515436954027
        ]
      }
    },
    "prefix_ent_drift_max_abs": {
      "rho": -0.08898457666998083,
      "p": 0.2258606393364226,
      "kept_acc_alpha_0.30": {
        "kept_acc": 0.7703180383799318,
        "ci95": [
          0.688171330166112,
          0.855802053781223
        ]
      }
    },
    "prefix_ent_drift_pos_sum": {
      "rho": -0.08683680030560885,
      "p": 0.23730615138198785,
      "kept_acc_alpha_0.30": {
        "kept_acc": 0.7766285210022085,
        "ci95": [
          0.6857961470232429,
          0.8539496216411148
        ]
      }
    },
    "prefix_marg_drift_max_abs": {
      "rho": 0.036044385486574515,
      "p": 0.6243081323395538,
      "kept_acc_alpha_0.30": {
        "kept_acc": 0.7608867582900665,
        "ci95": [
          0.678930146335523,
          0.8429561099586841
        ]
      }
    },
    "lp_monotone_up_frac": {
      "rho": -0.02465269866239294,
      "p": 0.7376921829490111,
      "kept_acc_alpha_0.30": {
        "kept_acc": 0.7572067231577377,
        "ci95": [
          0.6749191101607558,
          0.8453341412028564
        ]
      }
    },
    "lp_pref_var": {
      "rho": -0.027033289114930886,
      "p": 0.7134227873704602,
      "kept_acc_alpha_0.30": {
        "kept_acc": 0.7496461650407896,
        "ci95": [
          0.6663383707756042,
          0.8453002324800696
        ]
      }
    }
  }
}