{
  "tag": "qwen25_32b",
  "dataset": "aime",
  "n": 200,
  "vanilla_acc": 0.395,
  "score_signs": {
    "running_lp_min": 1,
    "running_lp_drawdown": -1,
    "running_entropy_mean": -1,
    "running_lp_mean": 1,
    "prov_modal_frac": 1,
    "prov_n_distinct": -1,
    "prov_last3_stable": 1,
    "prov_n_flips": -1,
    "prov_match_latest_rate": 1
  },
  "results": {
    "running_lp_min_alpha_0.1": {
      "trajectory_cp": {
        "kept_acc": 0.40030000739681365,
        "kept_acc_ci": [
          0.29997126436781607,
          0.5111111111111111
        ]
      },
      "approach_A_per_step": {
        "kept_acc": 0.4301032362946855,
        "kept_acc_ci": [
          0.3058572453371593,
          0.5500431034482759
        ],
        "avg_steps_used": 10.746266666666667,
        "kept_frac": 0.7149
      },
      "approach_B_bonferroni": {
        "kept_acc": 0.4114996366131743,
        "kept_acc_ci": [
          0.31382070054550676,
          0.5217391304347826
        ],
        "avg_steps_used": 13.127466666666665,
        "kept_frac": 0.8934666666666667
      }
    },
    "running_lp_drawdown_alpha_0.1": {
      "trajectory_cp": {
        "kept_acc": 0.396980026978424,
        "kept_acc_ci": [
          0.297843114332476,
          0.5001344086021504
        ]
      },
      "approach_A_per_step": {
        "kept_acc": 0.4089643906408717,
        "kept_acc_ci": [
          0.2999626865671642,
          0.5224235963041932
        ],
        "avg_steps_used": 11.338216666666668,
        "kept_frac": 0.7516333333333334
      },
      "approach_B_bonferroni": {
        "kept_acc": 0.40110852858507945,
        "kept_acc_ci": [
          0.3042391304347826,
          0.5106564313346228
        ],
        "avg_steps_used": 13.344416666666666,
        "kept_frac": 0.9053000000000001
      }
    },
    "running_entropy_mean_alpha_0.1": {
      "trajectory_cp": {
        "kept_acc": 0.4578178433529547,
        "kept_acc_ci": [
          0.3408422459893048,
          0.5735589925625422
        ]
      },
      "approach_A_per_step": {
        "kept_acc": 0.4911395642911384,
        "kept_acc_ci": [
          0.3538235294117647,
          0.6363636363636364
        ],
        "avg_steps_used": 9.238983333333334,
        "kept_frac": 0.5451666666666667
      },
      "approach_B_bonferroni": {
        "kept_acc": 0.4875041143549339,
        "kept_acc_ci": [
          0.358974358974359,
          0.6251008064516128
        ],
        "avg_steps_used": 11.77715,
        "kept_frac": 0.7337833333333333
      }
    },
    "running_lp_mean_alpha_0.1": {
      "trajectory_cp": {
        "kept_acc": 0.4605983429574673,
        "kept_acc_ci": [
          0.3447595281306715,
          0.5775018532246108
        ]
      },
      "approach_A_per_step": {
        "kept_acc": 0.4950512434149107,
        "kept_acc_ci": [
          0.3499038461538461,
          0.6364545454545454
        ],
        "avg_steps_used": 9.182466666666667,
        "kept_frac": 0.5443833333333333
      },
      "approach_B_bonferroni": {
        "kept_acc": 0.48759910549463154,
        "kept_acc_ci": [
          0.36486089030206675,
          0.6217060810810809
        ],
        "avg_steps_used": 11.7643,
        "kept_frac": 0.7351
      }
    },
    "prov_modal_frac_alpha_0.1": {
      "trajectory_cp": {
        "kept_acc": 0.4105834780094536,
        "kept_acc_ci": [
          0.3052535301668806,
          0.5222916666666666
        ]
      },
      "approach_A_per_step": {
        "kept_acc": 0.393608742500553,
        "kept_acc_ci": [
          0.27488970588235295,
          0.5132599818511796
        ],
        "avg_steps_used": 12.346033333333333,
        "kept_frac": 0.7869166666666666
      },
      "approach_B_bonferroni": {
        "kept_acc": 0.3988136719045417,
        "kept_acc_ci": [
          0.29473684210526313,
          0.5
        ],
        "avg_steps_used": 13.66315,
        "kept_frac": 0.9231166666666667
      }
    },
    "prov_n_distinct_alpha_0.1": {
      "trajectory_cp": {
        "kept_acc": 0.4056374432284198,
        "kept_acc_ci": [
          0.30429121376811596,
          0.5116661566707467
        ]
      },
      "approach_A_per_step": {
        "kept_acc": 0.4112892613369933,
        "kept_acc_ci": [
          0.29843113975576663,
          0.525429161234246
        ],
        "avg_steps_used": 13.069166666666666,
        "kept_frac": 0.7802666666666667
      },
      "approach_B_bonferroni": {
        "kept_acc": 0.4144664247176295,
        "kept_acc_ci": [
          0.31453727195843906,
          0.5212765957446809
        ],
        "avg_steps_used": 13.860516666666665,
        "kept_frac": 0.8949833333333334
      }
    },
    "prov_last3_stable_alpha_0.1": {
      "trajectory_cp": {
        "kept_acc": 0.39330000000000004,
        "kept_acc_ci": [
          0.3,
          0.5
        ]
      },
      "approach_A_per_step": {
        "kept_acc": 0.39443616265265213,
        "kept_acc_ci": [
          0.3,
          0.5
        ],
        "avg_steps_used": 14.26153333333333,
        "kept_frac": 0.9923
      },
      "approach_B_bonferroni": {
        "kept_acc": 0.393596164329014,
        "kept_acc_ci": [
          0.3,
          0.5
        ],
        "avg_steps_used": 14.293066666666666,
        "kept_frac": 0.9970666666666667
      }
    },
    "prov_n_flips_alpha_0.1": {
      "trajectory_cp": {
        "kept_acc": 0.39945469716018245,
        "kept_acc_ci": [
          0.2999742268041237,
          0.5200102040816327
        ]
      },
      "approach_A_per_step": {
        "kept_acc": 0.40969123086259684,
        "kept_acc_ci": [
          0.30373265212749734,
          0.519012658227848
        ],
        "avg_steps_used": 13.344750000000001,
        "kept_frac": 0.81515
      },
      "approach_B_bonferroni": {
        "kept_acc": 0.4093903892561061,
        "kept_acc_ci": [
          0.3086182336182336,
          0.5154805453940804
        ],
        "avg_steps_used": 13.939233333333334,
        "kept_frac": 0.9221333333333332
      }
    },
    "prov_match_latest_rate_alpha_0.1": {
      "trajectory_cp": {
        "kept_acc": 0.4247504881398956,
        "kept_acc_ci": [
          0.3124652777777778,
          0.5542201414353064
        ]
      },
      "approach_A_per_step": {
        "kept_acc": 0.4296982127222585,
        "kept_acc_ci": [
          0.31321738567171914,
          0.5588529411764706
        ],
        "avg_steps_used": 12.83255,
        "kept_frac": 0.79165
      },
      "approach_B_bonferroni": {
        "kept_acc": 0.40838508832407755,
        "kept_acc_ci": [
          0.30518366228070176,
          0.5200102040816327
        ],
        "avg_steps_used": 13.730749999999999,
        "kept_frac": 0.9186166666666666
      }
    },
    "running_lp_min_alpha_0.3": {
      "trajectory_cp": {
        "kept_acc": 0.4591594249623037,
        "kept_acc_ci": [
          0.32389591788016237,
          0.6129652605459056
        ]
      },
      "approach_A_per_step": {
        "kept_acc": 0.49412413807434336,
        "kept_acc_ci": [
          0.3249831081081081,
          0.6750604838709677
        ],
        "avg_steps_used": 6.5325,
        "kept_frac": 0.3873666666666667
      },
      "approach_B_bonferroni": {
        "kept_acc": 0.4114996366131743,
        "kept_acc_ci": [
          0.31382070054550676,
          0.5217391304347826
        ],
        "avg_steps_used": 13.127466666666665,
        "kept_frac": 0.8934666666666667
      }
    },
    "running_lp_drawdown_alpha_0.3": {
      "trajectory_cp": {
        "kept_acc": 0.44768201009203634,
        "kept_acc_ci": [
          0.31343283582089554,
          0.6097899728997289
        ]
      },
      "approach_A_per_step": {
        "kept_acc": 0.4944977450351149,
        "kept_acc_ci": [
          0.3198571428571429,
          0.6756756756756757
        ],
        "avg_steps_used": 6.713683333333333,
        "kept_frac": 0.3692166666666667
      },