{
  "model": "Qwen/Qwen2.5-32B-Instruct",
  "tag": "qwen25_32b",
  "dataset": "olympiad",
  "n": 200,
  "vanilla_acc": 0.455,
  "results": {
    "gate_ent_f0.25_K2": {
      "acc": 0.46,
      "delta": 0.0050000000000000044,
      "n": 200,
      "flagged_n": 50,
      "avg_compute": 1.5
    },
    "gate_ent_f0.25_K4": {
      "acc": 0.465,
      "delta": 0.010000000000000009,
      "n": 200,
      "flagged_n": 50,
      "avg_compute": 2.0
    },
    "gate_ent_f0.25_K8": {
      "acc": 0.47,
      "delta": 0.014999999999999958,
      "n": 200,
      "flagged_n": 50,
      "avg_compute": 3.0
    },
    "gate_ent_f0.5_K2": {
      "acc": 0.48,
      "delta": 0.024999999999999967,
      "n": 200,
      "flagged_n": 100,
      "avg_compute": 2.0
    },
    "gate_ent_f0.5_K4": {
      "acc": 0.48,
      "delta": 0.024999999999999967,
      "n": 200,
      "flagged_n": 100,
      "avg_compute": 3.0
    },
    "gate_ent_f0.5_K8": {
      "acc": 0.49,
      "delta": 0.034999999999999976,
      "n": 200,
      "flagged_n": 100,
      "avg_compute": 5.0
    },
    "gate_ent_f0.75_K2": {
      "acc": 0.47,
      "delta": 0.014999999999999958,
      "n": 200,
      "flagged_n": 150,
      "avg_compute": 2.5
    },
    "gate_ent_f0.75_K4": {
      "acc": 0.49,
      "delta": 0.034999999999999976,
      "n": 200,
      "flagged_n": 150,
      "avg_compute": 4.0
    },
    "gate_ent_f0.75_K8": {
      "acc": 0.48,
      "delta": 0.024999999999999967,
      "n": 200,
      "flagged_n": 150,
      "avg_compute": 7.0
    },
    "gate_lp_f0.25_K2": {
      "acc": 0.455,
      "delta": 0.0,
      "n": 200,
      "flagged_n": 50,
      "avg_compute": 1.5
    },
    "gate_lp_f0.25_K4": {
      "acc": 0.46,
      "delta": 0.0050000000000000044,
      "n": 200,
      "flagged_n": 50,
      "avg_compute": 2.0
    },
    "gate_lp_f0.25_K8": {
      "acc": 0.455,
      "delta": 0.0,
      "n": 200,
      "flagged_n": 50,
      "avg_compute": 3.0
    },
    "gate_lp_f0.5_K2": {
      "acc": 0.465,
      "delta": 0.010000000000000009,
      "n": 200,
      "flagged_n": 100,
      "avg_compute": 2.0
    },
    "gate_lp_f0.5_K4": {
      "acc": 0.465,
      "delta": 0.010000000000000009,
      "n": 200,
      "flagged_n": 100,
      "avg_compute": 3.0
    },
    "gate_lp_f0.5_K8": {
      "acc": 0.465,
      "delta": 0.010000000000000009,
      "n": 200,
      "flagged_n": 100,
      "avg_compute": 5.0
    },
    "gate_lp_f0.75_K2": {
      "acc": 0.47,
      "delta": 0.014999999999999958,
      "n": 200,
      "flagged_n": 150,
      "avg_compute": 2.5
    },
    "gate_lp_f0.75_K4": {
      "acc": 0.465,
      "delta": 0.010000000000000009,
      "n": 200,
      "flagged_n": 150,
      "avg_compute": 4.0
    },
    "gate_lp_f0.75_K8": {
      "acc": 0.485,
      "delta": 0.02999999999999997,
      "n": 200,
      "flagged_n": 150,
      "avg_compute": 7.0
    },
    "gate_combined_f0.25_K2": {
      "acc": 0.475,
      "delta": 0.019999999999999962,
      "n": 200,
      "flagged_n": 121,
      "avg_compute": 2.21
    },
    "gate_combined_f0.25_K4": {
      "acc": 0.475,
      "delta": 0.019999999999999962,
      "n": 200,
      "flagged_n": 121,
      "avg_compute": 3.42
    },
    "gate_combined_f0.25_K8": {
      "acc": 0.475,
      "delta": 0.019999999999999962,
      "n": 200,
      "flagged_n": 121,
      "avg_compute": 5.84
    },
    "gate_combined_f0.5_K2": {
      "acc": 0.48,
      "delta": 0.024999999999999967,
      "n": 200,
      "flagged_n": 169,
      "avg_compute": 2.69
    },
    "gate_combined_f0.5_K4": {
      "acc": 0.485,
      "delta": 0.02999999999999997,
      "n": 200,
      "flagged_n": 169,
      "avg_compute": 4.38
    },
    "gate_combined_f0.5_K8": {
      "acc": 0.48,
      "delta": 0.024999999999999967,
      "n": 200,
      "flagged_n": 169,
      "avg_compute": 7.76
    },
    "gate_combined_f0.75_K2": {
      "acc": 0.47,
      "delta": 0.014999999999999958,
      "n": 200,
      "flagged_n": 189,
      "avg_compute": 2.8899999999999997
    },
    "gate_combined_f0.75_K4": {
      "acc": 0.47,
      "delta": 0.014999999999999958,
      "n": 200,
      "flagged_n": 189,
      "avg_compute": 4.779999999999999
    },
    "gate_combined_f0.75_K8": {
      "acc": 0.48,
      "delta": 0.024999999999999967,
      "n": 200,
      "flagged_n": 189,
      "avg_compute": 8.559999999999999
    },
    "always_K2": {
      "acc": 0.48,
      "delta": 0.024999999999999967,
      "n": 200,
      "flagged_n": 200,
      "avg_compute": 3.0
    },
    "always_K4": {
      "acc": 0.485,
      "delta": 0.02999999999999997,
      "n": 200,
      "flagged_n": 200,
      "avg_compute": 5.0
    },
    "always_K8": {
      "acc": 0.48,
      "delta": 0.024999999999999967,
      "n": 200,
      "flagged_n": 200,
      "avg_compute": 9.0
    }
  }
}