{
  "model": "Qwen/Qwen2.5-32B-Instruct",
  "tag": "qwen25_32b",
  "dataset": "olympiad",
  "n": 200,
  "vanilla_acc": 0.455,
  "scores": {
    "prov_n_flips": {
      "rho": 0.23519860523930902,
      "p": 0.0008008045737598744,
      "kept_acc_alpha_0.30": {
        "kept_acc": 0.532744051635571,
        "ci95": [
          0.4206522298540464,
          0.6521285583402657
        ]
      }
    },
    "prov_final_match_rate": {
      "rho": 0.03585403414889507,
      "p": 0.6142357338338287,
      "kept_acc_alpha_0.30": {
        "kept_acc": 0.48800441444101106,
        "ci95": [
          0.3938999400092004,
          0.5805134051033364
        ]
      }
    },
    "prov_gold_match_rate": {
      "rho": 0.7235239217840501,
      "p": 1.0496972960352135e-33,
      "kept_acc_alpha_0.30": {
        "kept_acc": 0.8636072044234756,
        "ci95": [
          0.7798620942299752,
          0.9436904517750825
        ]
      }
    },
    "prov_first_match_step": {
      "rho": 0.10627402244571392,
      "p": 0.13419407880455198,
      "kept_acc_alpha_0.30": {
        "kept_acc": 0.4871224034771016,
        "ci95": [
          0.4031701674911607,
          0.5748148404477391
        ]
      }
    },
    "prov_last_3_stable": {
      "rho": -0.07028523397077113,
      "p": 0.32267457483522743,
      "kept_acc_alpha_0.30": {
        "kept_acc": 0.45720375906591204,
        "ci95": [
          0.38199210526315786,
          0.528
        ]
      }
    },
    "prefix_lp_drift_max_abs": {
      "rho": -0.19608693650530426,
      "p": 0.005389644210776913,
      "kept_acc_alpha_0.30": {
        "kept_acc": 0.4884577116843128,
        "ci95": [
          0.3986418500168093,
          0.5782659112576389
        ]
      }
    },
    "prefix_lp_drift_pos_sum": {
      "rho": -0.09486955553316496,
      "p": 0.18146286828424954,
      "kept_acc_alpha_0.30": {
        "kept_acc": 0.4748562942404581,
        "ci95": [
          0.38182839011952324,
          0.564140903127082
        ]
      }
    },
    "prefix_lp_drift_neg_sum": {
      "rho": 0.0624367430729477,
      "p": 0.3797746494860458,
      "kept_acc_alpha_0.30": {
        "kept_acc": 0.4719747608581495,
        "ci95": [
          0.37677217755545905,
          0.5523836754943469
        ]
      }
    },
    "prefix_ent_drift_max_abs": {
      "rho": -0.22043476010684987,
      "p": 0.0017094751099821673,
      "kept_acc_alpha_0.30": {
        "kept_acc": 0.5059515014357125,
        "ci95": [
          0.4095584702366967,
          0.6091654649537547
        ]
      }
    },
    "prefix_ent_drift_pos_sum": {
      "rho": -0.048262384965857906,
      "p": 0.49735923755914935,
      "kept_acc_alpha_0.30": {
        "kept_acc": 0.4674622121000909,
        "ci95": [
          0.36131748681848114,
          0.5540738878467703
        ]
      }
    },
    "prefix_marg_drift_max_abs": {
      "rho": -0.0896521647614052,
      "p": 0.20677979033538246,
      "kept_acc_alpha_0.30": {
        "kept_acc": 0.4920533360412267,
        "ci95": [
          0.39476097816758654,
          0.582767697312124
        ]
      }
    },
    "lp_monotone_up_frac": {
      "rho": -0.0189743027597413,
      "p": 0.7897161513184271,
      "kept_acc_alpha_0.30": {
        "kept_acc": 0.46451389863364795,
        "ci95": [
          0.3711435131355925,
          0.5508731150924104
        ]
      }
    },
    "lp_pref_var": {
      "rho": -0.13973911617029888,
      "p": 0.048436770566298686,
      "kept_acc_alpha_0.30": {
        "kept_acc": 0.49912302518074547,
        "ci95": [
          0.4103763661885937,
          0.5957111298966962
        ]
      }
    }
  }
}