{
  "tag": "qwen25_7b",
  "dataset": "olympiad",
  "n": 200,
  "vanilla_acc": 0.445,
  "score_signs": {
    "running_lp_min": 1,
    "running_lp_drawdown": -1,
    "running_entropy_mean": -1,
    "running_lp_mean": 1,
    "prov_modal_frac": -1,
    "prov_n_distinct": 1,
    "prov_last3_stable": -1,
    "prov_n_flips": -1,
    "prov_match_latest_rate": 1
  },
  "results": {
    "running_lp_min_alpha_0.1": {
      "trajectory_cp": {
        "kept_acc": 0.46271229815730086,
        "kept_acc_ci": [
          0.3471955128205128,
          0.563282667876588
        ]
      },
      "approach_A_per_step": {
        "kept_acc": 0.4786502816465576,
        "kept_acc_ci": [
          0.3675904977375566,
          0.5977586206896551
        ],
        "avg_steps_used": 7.051666666666667,
        "kept_frac": 0.7311666666666666
      },
      "approach_B_bonferroni": {
        "kept_acc": 0.46354068836698414,
        "kept_acc_ci": [
          0.35105012064049135,
          0.576532507739938
        ],
        "avg_steps_used": 8.676616666666666,
        "kept_frac": 0.9083166666666667
      }
    },
    "running_lp_drawdown_alpha_0.1": {
      "trajectory_cp": {
        "kept_acc": 0.4559982875655832,
        "kept_acc_ci": [
          0.34437763713080166,
          0.5596382783882783
        ]
      },
      "approach_A_per_step": {
        "kept_acc": 0.4662249515849636,
        "kept_acc_ci": [
          0.3579556530214425,
          0.5769366197183098
        ],
        "avg_steps_used": 7.333433333333333,
        "kept_frac": 0.7576333333333333
      },
      "approach_B_bonferroni": {
        "kept_acc": 0.46096826800091006,
        "kept_acc_ci": [
          0.3469387755102041,
          0.565819994574064
        ],
        "avg_steps_used": 8.758216666666668,
        "kept_frac": 0.9191333333333334
      }
    },
    "running_entropy_mean_alpha_0.1": {
      "trajectory_cp": {
        "kept_acc": 0.47761069347444807,
        "kept_acc_ci": [
          0.36453125,
          0.5949367088607594
        ]
      },
      "approach_A_per_step": {
        "kept_acc": 0.5293316536306109,
        "kept_acc_ci": [
          0.3897621651175506,
          0.6667808219178081
        ],
        "avg_steps_used": 6.53895,
        "kept_frac": 0.6316833333333333
      },
      "approach_B_bonferroni": {
        "kept_acc": 0.48938792449790725,
        "kept_acc_ci": [
          0.3670290394638868,
          0.6086956521739131
        ],
        "avg_steps_used": 8.328866666666666,
        "kept_frac": 0.8393999999999999
      }
    },
    "running_lp_mean_alpha_0.1": {
      "trajectory_cp": {
        "kept_acc": 0.47618058997004026,
        "kept_acc_ci": [
          0.36263392857142857,
          0.5946106821106821
        ]
      },
      "approach_A_per_step": {
        "kept_acc": 0.5198983415198671,
        "kept_acc_ci": [
          0.3817965367965368,
          0.6596029635258358
        ],
        "avg_steps_used": 6.636416666666667,
        "kept_frac": 0.6373
      },
      "approach_B_bonferroni": {
        "kept_acc": 0.48142851170742973,
        "kept_acc_ci": [
          0.36131768453122837,
          0.5957704186684969
        ],
        "avg_steps_used": 8.463616666666667,
        "kept_frac": 0.8488
      }
    },
    "prov_modal_frac_alpha_0.1": {
      "trajectory_cp": {
        "kept_acc": 0.438882537373175,
        "kept_acc_ci": [
          0.33,
          0.5402499999999998
        ]
      },
      "approach_A_per_step": {
        "kept_acc": 0.43350794205725396,
        "kept_acc_ci": [
          0.31952476741262253,
          0.5393426966292134
        ],
        "avg_steps_used": 8.8657,
        "kept_frac": 0.9526666666666666
      },
      "approach_B_bonferroni": {
        "kept_acc": 0.4383862853878283,
        "kept_acc_ci": [
          0.3333333333333333,
          0.5376935483870967
        ],
        "avg_steps_used": 9.164066666666667,
        "kept_frac": 0.9887
      }
    },
    "prov_n_distinct_alpha_0.1": {
      "trajectory_cp": {
        "kept_acc": 0.4375070445455545,
        "kept_acc_ci": [
          0.33,
          0.54
        ]
      },
      "approach_A_per_step": {
        "kept_acc": 0.4338022966937492,
        "kept_acc_ci": [
          0.3262308114035088,
          0.5376766944545124
        ],
        "avg_steps_used": 8.670666666666666,
        "kept_frac": 0.9446333333333334
      },
      "approach_B_bonferroni": {
        "kept_acc": 0.4390507291774342,
        "kept_acc_ci": [
          0.33664965986394557,
          0.5361804123711339
        ],
        "avg_steps_used": 9.1137,
        "kept_frac": 0.9869666666666668
      }
    },
    "prov_last3_stable_alpha_0.1": {
      "trajectory_cp": {
        "kept_acc": 0.44165279034690796,
        "kept_acc_ci": [
          0.33975000000000005,
          0.54
        ]
      },
      "approach_A_per_step": {
        "kept_acc": 0.441485999721437,
        "kept_acc_ci": [
          0.33975000000000005,
          0.54
        ],
        "avg_steps_used": 9.2924,
        "kept_frac": 0.9918
      },
      "approach_B_bonferroni": {
        "kept_acc": 0.44185288444000187,
        "kept_acc_ci": [
          0.33975000000000005,
          0.54
        ],
        "avg_steps_used": 9.319583333333334,
        "kept_frac": 0.9961166666666667
      }
    },
    "prov_n_flips_alpha_0.1": {
      "trajectory_cp": {
        "kept_acc": 0.44438807774534117,
        "kept_acc_ci": [
          0.3401312634859746,
          0.5532203977798335
        ]
      },
      "approach_A_per_step": {
        "kept_acc": 0.4413479278280577,
        "kept_acc_ci": [
          0.3333333333333333,
          0.5555555555555556
        ],
        "avg_steps_used": 8.717866666666668,
        "kept_frac": 0.8675166666666666
      },
      "approach_B_bonferroni": {
        "kept_acc": 0.45197094612964067,
        "kept_acc_ci": [
          0.3468674566600834,
          0.5604910714285714
        ],
        "avg_steps_used": 9.029266666666667,
        "kept_frac": 0.9388833333333332
      }
    },
    "prov_match_latest_rate_alpha_0.1": {
      "trajectory_cp": {
        "kept_acc": 0.43907574833468566,
        "kept_acc_ci": [
          0.3288044922913344,
          0.5384831460674157
        ]
      },
      "approach_A_per_step": {
        "kept_acc": 0.45289519046674986,
        "kept_acc_ci": [
          0.34036559784237336,
          0.5681818181818182
        ],
        "avg_steps_used": 8.328800000000001,
        "kept_frac": 0.8579333333333333
      },
      "approach_B_bonferroni": {
        "kept_acc": 0.4502919932102921,
        "kept_acc_ci": [
          0.3478146453089245,
          0.5604529616724738
        ],
        "avg_steps_used": 8.896516666666667,
        "kept_frac": 0.9255666666666665
      }
    },
    "running_lp_min_alpha_0.3": {
      "trajectory_cp": {
        "kept_acc": 0.49408977409481974,
        "kept_acc_ci": [
          0.37174657534246575,
          0.622761746207917
        ]
      },
      "approach_A_per_step": {
        "kept_acc": 0.504733562656646,
        "kept_acc_ci": [
          0.36354545454545456,
          0.6546291866028707
        ],
        "avg_steps_used": 4.3279000000000005,
        "kept_frac": 0.44495000000000007
      },
      "approach_B_bonferroni": {
        "kept_acc": 0.46354068836698414,
        "kept_acc_ci": [
          0.35105012064049135,
          0.576532507739938
        ],
        "avg_steps_used": 8.676616666666666,
        "kept_frac": 0.9083166666666667
      }
    },
    "running_lp_drawdown_alpha_0.3": {
      "trajectory_cp": {
        "kept_acc": 0.47456207263621175,
        "kept_acc_ci": [
          0.35291394335511983,
          0.5893262987012987
        ]
      },
      "approach_A_per_step": {
        "kept_acc": 0.4947057689900574,
        "kept_acc_ci": [
          0.3391369047619048,
          0.628673469387755
        ],
        "avg_steps_used": 4.619616666666667,