{
  "model": "Qwen/Qwen2.5-7B-Instruct",
  "tag": "qwen25_7b",
  "dataset": "olympiad",
  "n": 200,
  "vanilla_acc": 0.445,
  "results": {
    "gate_ent_f0.25_K2": {
      "acc": 0.445,
      "delta": 0.0,
      "n": 200,
      "flagged_n": 50,
      "avg_compute": 1.5
    },
    "gate_ent_f0.25_K4": {
      "acc": 0.445,
      "delta": 0.0,
      "n": 200,
      "flagged_n": 50,
      "avg_compute": 2.0
    },
    "gate_ent_f0.25_K8": {
      "acc": 0.44,
      "delta": -0.0050000000000000044,
      "n": 200,
      "flagged_n": 50,
      "avg_compute": 3.0
    },
    "gate_ent_f0.5_K2": {
      "acc": 0.455,
      "delta": 0.010000000000000009,
      "n": 200,
      "flagged_n": 100,
      "avg_compute": 2.0
    },
    "gate_ent_f0.5_K4": {
      "acc": 0.47,
      "delta": 0.024999999999999967,
      "n": 200,
      "flagged_n": 100,
      "avg_compute": 3.0
    },
    "gate_ent_f0.5_K8": {
      "acc": 0.46,
      "delta": 0.015000000000000013,
      "n": 200,
      "flagged_n": 100,
      "avg_compute": 5.0
    },
    "gate_ent_f0.75_K2": {
      "acc": 0.43,
      "delta": -0.015000000000000013,
      "n": 200,
      "flagged_n": 150,
      "avg_compute": 2.5
    },
    "gate_ent_f0.75_K4": {
      "acc": 0.43,
      "delta": -0.015000000000000013,
      "n": 200,
      "flagged_n": 150,
      "avg_compute": 4.0
    },
    "gate_ent_f0.75_K8": {
      "acc": 0.445,
      "delta": 0.0,
      "n": 200,
      "flagged_n": 150,
      "avg_compute": 7.0
    },
    "gate_lp_f0.25_K2": {
      "acc": 0.445,
      "delta": 0.0,
      "n": 200,
      "flagged_n": 50,
      "avg_compute": 1.5
    },
    "gate_lp_f0.25_K4": {
      "acc": 0.44,
      "delta": -0.0050000000000000044,
      "n": 200,
      "flagged_n": 50,
      "avg_compute": 2.0
    },
    "gate_lp_f0.25_K8": {
      "acc": 0.43,
      "delta": -0.015000000000000013,
      "n": 200,
      "flagged_n": 50,
      "avg_compute": 3.0
    },
    "gate_lp_f0.5_K2": {
      "acc": 0.45,
      "delta": 0.0050000000000000044,
      "n": 200,
      "flagged_n": 100,
      "avg_compute": 2.0
    },
    "gate_lp_f0.5_K4": {
      "acc": 0.46,
      "delta": 0.015000000000000013,
      "n": 200,
      "flagged_n": 100,
      "avg_compute": 3.0
    },
    "gate_lp_f0.5_K8": {
      "acc": 0.45,
      "delta": 0.0050000000000000044,
      "n": 200,
      "flagged_n": 100,
      "avg_compute": 5.0
    },
    "gate_lp_f0.75_K2": {
      "acc": 0.465,
      "delta": 0.020000000000000018,
      "n": 200,
      "flagged_n": 150,
      "avg_compute": 2.5
    },
    "gate_lp_f0.75_K4": {
      "acc": 0.45,
      "delta": 0.0050000000000000044,
      "n": 200,
      "flagged_n": 150,
      "avg_compute": 4.0
    },
    "gate_lp_f0.75_K8": {
      "acc": 0.46,
      "delta": 0.015000000000000013,
      "n": 200,
      "flagged_n": 150,
      "avg_compute": 7.0
    },
    "gate_combined_f0.25_K2": {
      "acc": 0.44,
      "delta": -0.0050000000000000044,
      "n": 200,
      "flagged_n": 129,
      "avg_compute": 2.29
    },
    "gate_combined_f0.25_K4": {
      "acc": 0.425,
      "delta": -0.020000000000000018,
      "n": 200,
      "flagged_n": 129,
      "avg_compute": 3.58
    },
    "gate_combined_f0.25_K8": {
      "acc": 0.44,
      "delta": -0.0050000000000000044,
      "n": 200,
      "flagged_n": 129,
      "avg_compute": 6.16
    },
    "gate_combined_f0.5_K2": {
      "acc": 0.465,
      "delta": 0.020000000000000018,
      "n": 200,
      "flagged_n": 166,
      "avg_compute": 2.66
    },
    "gate_combined_f0.5_K4": {
      "acc": 0.455,
      "delta": 0.010000000000000009,
      "n": 200,
      "flagged_n": 166,
      "avg_compute": 4.32
    },
    "gate_combined_f0.5_K8": {
      "acc": 0.46,
      "delta": 0.015000000000000013,
      "n": 200,
      "flagged_n": 166,
      "avg_compute": 7.64
    },
    "gate_combined_f0.75_K2": {
      "acc": 0.445,
      "delta": 0.0,
      "n": 200,
      "flagged_n": 187,
      "avg_compute": 2.87
    },
    "gate_combined_f0.75_K4": {
      "acc": 0.46,
      "delta": 0.015000000000000013,
      "n": 200,
      "flagged_n": 187,
      "avg_compute": 4.74
    },
    "gate_combined_f0.75_K8": {
      "acc": 0.455,
      "delta": 0.010000000000000009,
      "n": 200,
      "flagged_n": 187,
      "avg_compute": 8.48
    },
    "always_K2": {
      "acc": 0.46,
      "delta": 0.015000000000000013,
      "n": 200,
      "flagged_n": 200,
      "avg_compute": 3.0
    },
    "always_K4": {
      "acc": 0.465,
      "delta": 0.020000000000000018,
      "n": 200,
      "flagged_n": 200,
      "avg_compute": 5.0
    },
    "always_K8": {
      "acc": 0.45,
      "delta": 0.0050000000000000044,
      "n": 200,
      "flagged_n": 200,
      "avg_compute": 9.0
    }
  }
}