{
  "model": "Qwen/Qwen2.5-Math-7B-Instruct",
  "tag": "qwen25_math_7b",
  "dataset": "math500",
  "n": 200,
  "vanilla_acc": 0.8,
  "scores": {
    "prov_n_flips": {
      "rho": -0.09806887157267144,
      "p": 0.16711218733377334,
      "kept_acc_alpha_0.30": {
        "kept_acc": 0.814734602432885,
        "ci95": [
          0.7416144652119419,
          0.8854208020589377
        ]
      }
    },
    "prov_final_match_rate": {
      "rho": 0.2714718955064135,
      "p": 0.00010090573090889165,
      "kept_acc_alpha_0.30": {
        "kept_acc": 0.8630678276114642,
        "ci95": [
          0.7973779284659771,
          0.921763554215574
        ]
      }
    },
    "prov_gold_match_rate": {
      "rho": 0.44312495300712385,
      "p": 5.002230439556931e-11,
      "kept_acc_alpha_0.30": {
        "kept_acc": 0.9381010984463751,
        "ci95": [
          0.8904363329771345,
          0.9800315886840962
        ]
      }
    },
    "prov_first_match_step": {
      "rho": 0.05292898993086046,
      "p": 0.4566592549430444,
      "kept_acc_alpha_0.30": {
        "kept_acc": 0.8318779277293056,
        "ci95": [
          0.7700920053991084,
          0.8923289638854246
        ]
      }
    },
    "prov_last_3_stable": {
      "rho": 0.18333969940564226,
      "p": 0.009359727877489333,
      "kept_acc_alpha_0.30": {
        "kept_acc": 0.7982866666666666,
        "ci95": [
          0.74295,
          0.856
        ]
      }
    },
    "prefix_lp_drift_max_abs": {
      "rho": -0.17877153698415624,
      "p": 0.011524432958889561,
      "kept_acc_alpha_0.30": {
        "kept_acc": 0.8552751921957984,
        "ci95": [
          0.790575106593774,
          0.918231941504726
        ]
      }
    },
    "prefix_lp_drift_pos_sum": {
      "rho": -0.08436535451567154,
      "p": 0.23612191364130566,
      "kept_acc_alpha_0.30": {
        "kept_acc": 0.8192808867517086,
        "ci95": [
          0.7514050003013842,
          0.8829222905058834
        ]
      }
    },
    "prefix_lp_drift_neg_sum": {
      "rho": 0.1515833978477447,
      "p": 0.032578329206637294,
      "kept_acc_alpha_0.30": {
        "kept_acc": 0.8434506892630916,
        "ci95": [
          0.7741218143566764,
          0.910680032116331
        ]
      }
    },
    "prefix_ent_drift_max_abs": {
      "rho": -0.19121351208561763,
      "p": 0.006821916480957207,
      "kept_acc_alpha_0.30": {
        "kept_acc": 0.8529353598895448,
        "ci95": [
          0.7820789038581254,
          0.9129341989083566
        ]
      }
    },
    "prefix_ent_drift_pos_sum": {
      "rho": -0.1554114898796653,
      "p": 0.02838868841553653,
      "kept_acc_alpha_0.30": {
        "kept_acc": 0.8450514879401219,
        "ci95": [
          0.7769484189152089,
          0.907901871872585
        ]
      }
    },
    "prefix_marg_drift_max_abs": {
      "rho": -0.06373783736187255,
      "p": 0.3711194439742098,
      "kept_acc_alpha_0.30": {
        "kept_acc": 0.8134378493777586,
        "ci95": [
          0.7440796467937534,
          0.8801252720845008
        ]
      }
    },
    "lp_monotone_up_frac": {
      "rho": 0.15219096342025862,
      "p": 0.03188022817013355,
      "kept_acc_alpha_0.30": {
        "kept_acc": 0.8372548001336798,
        "ci95": [
          0.765490469745279,
          0.9000345953630733
        ]
      }
    },
    "lp_pref_var": {
      "rho": -0.18684790678685928,
      "p": 0.008229096664627122,
      "kept_acc_alpha_0.30": {
        "kept_acc": 0.8523684038011708,
        "ci95": [
          0.7843163387781702,
          0.9158064393437786
        ]
      }
    }
  }
}