{
  "model": "microsoft/phi-4",
  "tag": "phi4",
  "dataset": "aime",
  "n": 200,
  "vanilla_acc": 0.345,
  "scores": {
    "prov_n_flips": {
      "rho": 0.023269687181609853,
      "p": 0.7436189809677891,
      "kept_acc_alpha_0.30": {
        "kept_acc": 0.36676199097047874,
        "ci95": [
          0.2782555412812072,
          0.4553386265077284
        ]
      }
    },
    "prov_final_match_rate": {
      "rho": 0.21575010942819153,
      "p": 0.00215308980666606,
      "kept_acc_alpha_0.30": {
        "kept_acc": 0.4267087511846006,
        "ci95": [
          0.336914228873901,
          0.5268980052935608
        ]
      }
    },
    "prov_gold_match_rate": {
      "rho": 0.8223896168603396,
      "p": 2.1766926545358474e-50,
      "kept_acc_alpha_0.30": {
        "kept_acc": 0.8508413961470669,
        "ci95": [
          0.757050120498961,
          0.9319812891554471
        ]
      }
    },
    "prov_first_match_step": {
      "rho": 0.11434594405730167,
      "p": 0.10690704641958075,
      "kept_acc_alpha_0.30": {
        "kept_acc": 0.40602424576569346,
        "ci95": [
          0.3076953254155863,
          0.4999435112398043
        ]
      }
    },
    "prov_last_3_stable": {
      "rho": 0.1920049187928914,
      "p": 0.006454948582921949,
      "kept_acc_alpha_0.30": {
        "kept_acc": 0.3733720162376757,
        "ci95": [
          0.28695000000000004,
          0.5019474877530512
        ]
      }
    },
    "prefix_lp_drift_max_abs": {
      "rho": -0.10521020128385083,
      "p": 0.13815710987217203,
      "kept_acc_alpha_0.30": {
        "kept_acc": 0.3665012153238329,
        "ci95": [
          0.2816744133651115,
          0.4627130067707214
        ]
      }
    },
    "prefix_lp_drift_pos_sum": {
      "rho": -0.08353052344354217,
      "p": 0.2396141203100041,
      "kept_acc_alpha_0.30": {
        "kept_acc": 0.37134465003505257,
        "ci95": [
          0.2855831295158553,
          0.4794997175000006
        ]
      }
    },
    "prefix_lp_drift_neg_sum": {
      "rho": 0.09263966652055629,
      "p": 0.1919887779011892,
      "kept_acc_alpha_0.30": {
        "kept_acc": 0.39468472565708157,
        "ci95": [
          0.3048176637834226,
          0.4851255792158847
        ]
      }
    },
    "prefix_ent_drift_max_abs": {
      "rho": -0.056203198434749746,
      "p": 0.42924967578492634,
      "kept_acc_alpha_0.30": {
        "kept_acc": 0.3526335052313991,
        "ci95": [
          0.2695369424471731,
          0.444219406069533
        ]
      }
    },
    "prefix_ent_drift_pos_sum": {
      "rho": -0.07970481750261615,
      "p": 0.2618977688100679,
      "kept_acc_alpha_0.30": {
        "kept_acc": 0.39320505037701753,
        "ci95": [
          0.3089319047534754,
          0.4754231084814085
        ]
      }
    },
    "prefix_marg_drift_max_abs": {
      "rho": 0.19866965281392093,
      "p": 0.00479983228581464,
      "kept_acc_alpha_0.30": {
        "kept_acc": 0.4117567354363108,
        "ci95": [
          0.31468876796848627,
          0.5211705356029933
        ]
      }
    },
    "lp_monotone_up_frac": {
      "rho": -0.0062868834353612445,
      "p": 0.9295956877397318,
      "kept_acc_alpha_0.30": {
        "kept_acc": 0.3543884837892943,
        "ci95": [
          0.2821580895269616,
          0.433395809821908
        ]
      }
    },
    "lp_pref_var": {
      "rho": -0.12962261162503871,
      "p": 0.06734331924380937,
      "kept_acc_alpha_0.30": {
        "kept_acc": 0.3790136836765937,
        "ci95": [
          0.2860220926077002,
          0.4735032234500553
        ]
      }
    }
  }
}