{
  "model": "Qwen/Qwen2.5-32B-Instruct",
  "tag": "qwen25_32b",
  "dataset": "aime",
  "n": 200,
  "vanilla_acc": 0.395,
  "scores": {
    "prov_n_flips": {
      "rho": -0.06988778914853572,
      "p": 0.32542514011118695,
      "kept_acc_alpha_0.30": {
        "kept_acc": 0.42357530483042827,
        "ci95": [
          0.3245573861964605,
          0.5156635334939624
        ]
      }
    },
    "prov_final_match_rate": {
      "rho": 0.4822745472975282,
      "p": 4.793578144038212e-13,
      "kept_acc_alpha_0.30": {
        "kept_acc": 0.6493950997067007,
        "ci95": [
          0.5191531997746427,
          0.7590340025728447
        ]
      }
    },
    "prov_gold_match_rate": {
      "rho": 0.5855491190490574,
      "p": 8.492826363386381e-20,
      "kept_acc_alpha_0.30": {
        "kept_acc": 0.6708575732226475,
        "ci95": [
          0.5747982552952066,
          0.7828048597845195
        ]
      }
    },
    "prov_first_match_step": {
      "rho": -0.1587055693624851,
      "p": 0.024793006392264325,
      "kept_acc_alpha_0.30": {
        "kept_acc": 0.4695873046931706,
        "ci95": [
          0.3724569319958736,
          0.565773742644538
        ]
      }
    },
    "prov_last_3_stable": {
      "rho": 0.2611495916243493,
      "p": 0.00018764909571481917,
      "kept_acc_alpha_0.30": {
        "kept_acc": 0.46243322809570175,
        "ci95": [
          0.3446990566037736,
          0.5970442163028732
        ]
      }
    },
    "prefix_lp_drift_max_abs": {
      "rho": -0.03870893891145139,
      "p": 0.5863039983082625,
      "kept_acc_alpha_0.30": {
        "kept_acc": 0.41219764295193584,
        "ci95": [
          0.31836778249752634,
          0.53105309559787
        ]
      }
    },
    "prefix_lp_drift_pos_sum": {
      "rho": -0.10744609359174036,
      "p": 0.1299294355351328,
      "kept_acc_alpha_0.30": {
        "kept_acc": 0.43380606027970114,
        "ci95": [
          0.34079625888354176,
          0.5289130484940371
        ]
      }
    },
    "prefix_lp_drift_neg_sum": {
      "rho": 0.13003539629249808,
      "p": 0.06646844235664257,
      "kept_acc_alpha_0.30": {
        "kept_acc": 0.4374019709617199,
        "ci95": [
          0.33291888409094905,
          0.5450106039002677
        ]
      }
    },
    "prefix_ent_drift_max_abs": {
      "rho": -0.07042015202426512,
      "p": 0.32174428924533655,
      "kept_acc_alpha_0.30": {
        "kept_acc": 0.4190459982515229,
        "ci95": [
          0.3254949354528591,
          0.5275770724188444
        ]
      }
    },
    "prefix_ent_drift_pos_sum": {
      "rho": -0.12853054903258396,
      "p": 0.06970331801270398,
      "kept_acc_alpha_0.30": {
        "kept_acc": 0.43981648083257235,
        "ci95": [
          0.3410052722583879,
          0.5404091621474743
        ]
      }
    },
    "prefix_marg_drift_max_abs": {
      "rho": 0.05695617327245594,
      "p": 0.4230831997493151,
      "kept_acc_alpha_0.30": {
        "kept_acc": 0.40312005178177096,
        "ci95": [
          0.31751149011028884,
          0.48763481013201154
        ]
      }
    },
    "lp_monotone_up_frac": {
      "rho": 0.005584181083279817,
      "p": 0.9374479447600045,
      "kept_acc_alpha_0.30": {
        "kept_acc": 0.40566437879816086,
        "ci95": [
          0.31922003138654553,
          0.5044967711068027
        ]
      }
    },
    "lp_pref_var": {
      "rho": -0.17901777011451547,
      "p": 0.011201551869103626,
      "kept_acc_alpha_0.30": {
        "kept_acc": 0.46145772009507313,
        "ci95": [
          0.3608435918008125,
          0.5856757609922963
        ]
      }
    }
  }
}