{
  "tag": "phi4",
  "dataset": "olympiad",
  "n": 200,
  "vanilla_acc": 0.485,
  "score_signs": {
    "running_lp_min": 1,
    "running_lp_drawdown": -1,
    "running_entropy_mean": -1,
    "running_lp_mean": 1,
    "prov_modal_frac": 1,
    "prov_n_distinct": 1,
    "prov_last3_stable": 1,
    "prov_n_flips": -1,
    "prov_match_latest_rate": 1
  },
  "results": {
    "running_lp_min_alpha_0.1": {
      "trajectory_cp": {
        "kept_acc": 0.5482484761842409,
        "kept_acc_ci": [
          0.42695389953734303,
          0.6626506024096386
        ]
      },
      "approach_A_per_step": {
        "kept_acc": 0.5586056479243457,
        "kept_acc_ci": [
          0.4327907874420998,
          0.7037037037037037
        ],
        "avg_steps_used": 17.450733333333332,
        "kept_frac": 0.5879833333333333
      },
      "approach_B_bonferroni": {
        "kept_acc": 0.5673647646965172,
        "kept_acc_ci": [
          0.4470310015898251,
          0.6785943223443224
        ],
        "avg_steps_used": 21.876966666666668,
        "kept_frac": 0.7825
      }
    },
    "running_lp_drawdown_alpha_0.1": {
      "trajectory_cp": {
        "kept_acc": 0.5465847514509639,
        "kept_acc_ci": [
          0.42644712140175217,
          0.6586272247857613
        ]
      },
      "approach_A_per_step": {
        "kept_acc": 0.5513341690048755,
        "kept_acc_ci": [
          0.4181118881118881,
          0.6825396825396826
        ],
        "avg_steps_used": 17.85836666666667,
        "kept_frac": 0.6294333333333333
      },
      "approach_B_bonferroni": {
        "kept_acc": 0.5727110956292715,
        "kept_acc_ci": [
          0.45332812499999997,
          0.6911810094408134
        ],
        "avg_steps_used": 21.770316666666666,
        "kept_frac": 0.7807
      }
    },
    "running_entropy_mean_alpha_0.1": {
      "trajectory_cp": {
        "kept_acc": 0.5241327923335926,
        "kept_acc_ci": [
          0.4042138712351478,
          0.6580136334812935
        ]
      },
      "approach_A_per_step": {
        "kept_acc": 0.6445351010716569,
        "kept_acc_ci": [
          0.49089126559714796,
          0.8334459459459459
        ],
        "avg_steps_used": 16.504716666666667,
        "kept_frac": 0.47296666666666665
      },
      "approach_B_bonferroni": {
        "kept_acc": 0.5874305442500695,
        "kept_acc_ci": [
          0.4666279069767442,
          0.7223118279569891
        ],
        "avg_steps_used": 22.129016666666665,
        "kept_frac": 0.7382333333333334
      }
    },
    "running_lp_mean_alpha_0.1": {
      "trajectory_cp": {
        "kept_acc": 0.5267578634111243,
        "kept_acc_ci": [
          0.40907869012707726,
          0.6521890096618358
        ]
      },
      "approach_A_per_step": {
        "kept_acc": 0.640731244710081,
        "kept_acc_ci": [
          0.47366028708133967,
          0.8182272727272727
        ],
        "avg_steps_used": 16.624116666666666,
        "kept_frac": 0.4724666666666667
      },
      "approach_B_bonferroni": {
        "kept_acc": 0.5889986297947919,
        "kept_acc_ci": [
          0.46432286023835323,
          0.7361293859649123
        ],
        "avg_steps_used": 22.225233333333335,
        "kept_frac": 0.7390833333333333
      }
    },
    "prov_modal_frac_alpha_0.1": {
      "trajectory_cp": {
        "kept_acc": 0.48825872009045185,
        "kept_acc_ci": [
          0.37349624060150377,
          0.6000537634408601
        ]
      },
      "approach_A_per_step": {
        "kept_acc": 0.5157637951227773,
        "kept_acc_ci": [
          0.39577356557377047,
          0.6482323232323232
        ],
        "avg_steps_used": 17.69001666666667,
        "kept_frac": 0.6536166666666666
      },
      "approach_B_bonferroni": {
        "kept_acc": 0.5040239840226642,
        "kept_acc_ci": [
          0.385539031124498,
          0.622258064516129
        ],
        "avg_steps_used": 24.000266666666665,
        "kept_frac": 0.8863666666666667
      }
    },
    "prov_n_distinct_alpha_0.1": {
      "trajectory_cp": {
        "kept_acc": 0.48781566207024896,
        "kept_acc_ci": [
          0.37496843434343435,
          0.5977042728635683
        ]
      },
      "approach_A_per_step": {
        "kept_acc": 0.5142568021613586,
        "kept_acc_ci": [
          0.4025324675324676,
          0.6316718266253869
        ],
        "avg_steps_used": 18.79301666666667,
        "kept_frac": 0.8206
      },
      "approach_B_bonferroni": {
        "kept_acc": 0.4993034735052472,
        "kept_acc_ci": [
          0.39785062961354756,
          0.6105409356725147
        ],
        "avg_steps_used": 24.205666666666666,
        "kept_frac": 0.9410666666666668
      }
    },
    "prov_last3_stable_alpha_0.1": {
      "trajectory_cp": {
        "kept_acc": 0.48566666666666664,
        "kept_acc_ci": [
          0.37975000000000003,
          0.59
        ]
      },
      "approach_A_per_step": {
        "kept_acc": 0.488147487544846,
        "kept_acc_ci": [
          0.38,
          0.59
        ],
        "avg_steps_used": 26.076966666666667,
        "kept_frac": 0.98415
      },
      "approach_B_bonferroni": {
        "kept_acc": 0.486931362014055,
        "kept_acc_ci": [
          0.38,
          0.59
        ],
        "avg_steps_used": 26.1805,
        "kept_frac": 0.9917333333333332
      }
    },
    "prov_n_flips_alpha_0.1": {
      "trajectory_cp": {
        "kept_acc": 0.49273341073916543,
        "kept_acc_ci": [
          0.383678468774497,
          0.6
        ]
      },
      "approach_A_per_step": {
        "kept_acc": 0.4993862666324918,
        "kept_acc_ci": [
          0.3802683187733999,
          0.6250892857142857
        ],
        "avg_steps_used": 22.842066666666668,
        "kept_frac": 0.6793
      },
      "approach_B_bonferroni": {
        "kept_acc": 0.5053608971758903,
        "kept_acc_ci": [
          0.3956043956043956,
          0.611764705882353
        ],
        "avg_steps_used": 25.261733333333336,
        "kept_frac": 0.8762166666666666
      }
    },
    "prov_match_latest_rate_alpha_0.1": {
      "trajectory_cp": {
        "kept_acc": 0.5062947618595108,
        "kept_acc_ci": [
          0.39748206308379586,
          0.6170848751156336
        ]
      },
      "approach_A_per_step": {
        "kept_acc": 0.5715785277369916,
        "kept_acc_ci": [
          0.4,
          0.7201034482758619
        ],
        "avg_steps_used": 15.291266666666667,
        "kept_frac": 0.4807833333333333
      },
      "approach_B_bonferroni": {
        "kept_acc": 0.5547015106010006,
        "kept_acc_ci": [
          0.42460447617210106,
          0.6744331395348837
        ],
        "avg_steps_used": 21.975649999999998,
        "kept_frac": 0.7548499999999999
      }
    },
    "running_lp_min_alpha_0.3": {
      "trajectory_cp": {
        "kept_acc": 0.5590825118291661,
        "kept_acc_ci": [
          0.42366190900981265,
          0.6964420995670996
        ]
      },
      "approach_A_per_step": {
        "kept_acc": 0.6698369422481197,
        "kept_acc_ci": [
          0.45,
          0.9168269230769229
        ],
        "avg_steps_used": 8.998633333333334,
        "kept_frac": 0.24788333333333337
      },
      "approach_B_bonferroni": {
        "kept_acc": 0.5673647646965172,
        "kept_acc_ci": [
          0.4470310015898251,
          0.6785943223443224
        ],
        "avg_steps_used": 21.876966666666668,
        "kept_frac": 0.7825
      }
    },
    "running_lp_drawdown_alpha_0.3": {
      "trajectory_cp": {
        "kept_acc": 0.5688319450923143,
        "kept_acc_ci": [
          0.42368246822033895,
          0.7292301829268292
        ]
      },
      "approach_A_per_step": {
        "kept_acc": 0.6617878893994199,
        "kept_acc_ci": [
          0.47600446428571425,
          0.8501785714285712
        ],
        "avg_steps_used": 9.632316666666668,
        "kept_frac": 0.29538333333333333
      },