{
  "model": "microsoft/phi-4",
  "tag": "phi4",
  "dataset": "aime",
  "n": 200,
  "vanilla_acc": 0.345,
  "results": {
    "gate_ent_f0.25_K2": {
      "acc": 0.345,
      "delta": 0.0,
      "n": 200,
      "flagged_n": 50,
      "avg_compute": 1.5
    },
    "gate_ent_f0.25_K4": {
      "acc": 0.35,
      "delta": 0.0050000000000000044,
      "n": 200,
      "flagged_n": 50,
      "avg_compute": 2.0
    },
    "gate_ent_f0.25_K8": {
      "acc": 0.355,
      "delta": 0.010000000000000009,
      "n": 200,
      "flagged_n": 50,
      "avg_compute": 3.0
    },
    "gate_ent_f0.5_K2": {
      "acc": 0.34,
      "delta": -0.004999999999999949,
      "n": 200,
      "flagged_n": 100,
      "avg_compute": 2.0
    },
    "gate_ent_f0.5_K4": {
      "acc": 0.355,
      "delta": 0.010000000000000009,
      "n": 200,
      "flagged_n": 100,
      "avg_compute": 3.0
    },
    "gate_ent_f0.5_K8": {
      "acc": 0.355,
      "delta": 0.010000000000000009,
      "n": 200,
      "flagged_n": 100,
      "avg_compute": 5.0
    },
    "gate_ent_f0.75_K2": {
      "acc": 0.36,
      "delta": 0.015000000000000013,
      "n": 200,
      "flagged_n": 150,
      "avg_compute": 2.5
    },
    "gate_ent_f0.75_K4": {
      "acc": 0.35,
      "delta": 0.0050000000000000044,
      "n": 200,
      "flagged_n": 150,
      "avg_compute": 4.0
    },
    "gate_ent_f0.75_K8": {
      "acc": 0.38,
      "delta": 0.03500000000000003,
      "n": 200,
      "flagged_n": 150,
      "avg_compute": 7.0
    },
    "gate_lp_f0.25_K2": {
      "acc": 0.35,
      "delta": 0.0050000000000000044,
      "n": 200,
      "flagged_n": 50,
      "avg_compute": 1.5
    },
    "gate_lp_f0.25_K4": {
      "acc": 0.345,
      "delta": 0.0,
      "n": 200,
      "flagged_n": 50,
      "avg_compute": 2.0
    },
    "gate_lp_f0.25_K8": {
      "acc": 0.36,
      "delta": 0.015000000000000013,
      "n": 200,
      "flagged_n": 50,
      "avg_compute": 3.0
    },
    "gate_lp_f0.5_K2": {
      "acc": 0.355,
      "delta": 0.010000000000000009,
      "n": 200,
      "flagged_n": 100,
      "avg_compute": 2.0
    },
    "gate_lp_f0.5_K4": {
      "acc": 0.35,
      "delta": 0.0050000000000000044,
      "n": 200,
      "flagged_n": 100,
      "avg_compute": 3.0
    },
    "gate_lp_f0.5_K8": {
      "acc": 0.365,
      "delta": 0.020000000000000018,
      "n": 200,
      "flagged_n": 100,
      "avg_compute": 5.0
    },
    "gate_lp_f0.75_K2": {
      "acc": 0.35,
      "delta": 0.0050000000000000044,
      "n": 200,
      "flagged_n": 150,
      "avg_compute": 2.5
    },
    "gate_lp_f0.75_K4": {
      "acc": 0.345,
      "delta": 0.0,
      "n": 200,
      "flagged_n": 150,
      "avg_compute": 4.0
    },
    "gate_lp_f0.75_K8": {
      "acc": 0.37,
      "delta": 0.025000000000000022,
      "n": 200,
      "flagged_n": 150,
      "avg_compute": 7.0
    },
    "gate_combined_f0.25_K2": {
      "acc": 0.34,
      "delta": -0.004999999999999949,
      "n": 200,
      "flagged_n": 166,
      "avg_compute": 2.66
    },
    "gate_combined_f0.25_K4": {
      "acc": 0.36,
      "delta": 0.015000000000000013,
      "n": 200,
      "flagged_n": 166,
      "avg_compute": 4.32
    },
    "gate_combined_f0.25_K8": {
      "acc": 0.375,
      "delta": 0.030000000000000027,
      "n": 200,
      "flagged_n": 166,
      "avg_compute": 7.64
    },
    "gate_combined_f0.5_K2": {
      "acc": 0.355,
      "delta": 0.010000000000000009,
      "n": 200,
      "flagged_n": 184,
      "avg_compute": 2.84
    },
    "gate_combined_f0.5_K4": {
      "acc": 0.365,
      "delta": 0.020000000000000018,
      "n": 200,
      "flagged_n": 184,
      "avg_compute": 4.68
    },
    "gate_combined_f0.5_K8": {
      "acc": 0.375,
      "delta": 0.030000000000000027,
      "n": 200,
      "flagged_n": 184,
      "avg_compute": 8.36
    },
    "gate_combined_f0.75_K2": {
      "acc": 0.36,
      "delta": 0.015000000000000013,
      "n": 200,
      "flagged_n": 196,
      "avg_compute": 2.96
    },
    "gate_combined_f0.75_K4": {
      "acc": 0.35,
      "delta": 0.0050000000000000044,
      "n": 200,
      "flagged_n": 196,
      "avg_compute": 4.92
    },
    "gate_combined_f0.75_K8": {
      "acc": 0.39,
      "delta": 0.04500000000000004,
      "n": 200,
      "flagged_n": 196,
      "avg_compute": 8.84
    },
    "always_K2": {
      "acc": 0.355,
      "delta": 0.010000000000000009,
      "n": 200,
      "flagged_n": 200,
      "avg_compute": 3.0
    },
    "always_K4": {
      "acc": 0.35,
      "delta": 0.0050000000000000044,
      "n": 200,
      "flagged_n": 200,
      "avg_compute": 5.0
    },
    "always_K8": {
      "acc": 0.38,
      "delta": 0.03500000000000003,
      "n": 200,
      "flagged_n": 200,
      "avg_compute": 9.0
    }
  }
}