{
  "tag": "phi4",
  "dataset": "aime",
  "n": 200,
  "vanilla_acc": 0.345,
  "score_signs": {
    "running_lp_min": 1,
    "running_lp_drawdown": -1,
    "running_entropy_mean": -1,
    "running_lp_mean": 1,
    "prov_modal_frac": -1,
    "prov_n_distinct": 1,
    "prov_last3_stable": 1,
    "prov_n_flips": 1,
    "prov_match_latest_rate": 1
  },
  "results": {
    "running_lp_min_alpha_0.1": {
      "trajectory_cp": {
        "kept_acc": 0.34069843648720916,
        "kept_acc_ci": [
          0.2471282572316519,
          0.43882762782532364
        ]
      },
      "approach_A_per_step": {
        "kept_acc": 0.40307891577706945,
        "kept_acc_ci": [
          0.26749444032616754,
          0.5334999999999999
        ],
        "avg_steps_used": 16.838183333333333,
        "kept_frac": 0.59955
      },
      "approach_B_bonferroni": {
        "kept_acc": 0.3687025550113709,
        "kept_acc_ci": [
          0.2619047619047619,
          0.4772812075983718
        ],
        "avg_steps_used": 22.687216666666668,
        "kept_frac": 0.8322333333333334
      }
    },
    "running_lp_drawdown_alpha_0.1": {
      "trajectory_cp": {
        "kept_acc": 0.3405037181812446,
        "kept_acc_ci": [
          0.2471282572316519,
          0.43882762782532364
        ]
      },
      "approach_A_per_step": {
        "kept_acc": 0.3706419580533043,
        "kept_acc_ci": [
          0.25803182214472536,
          0.5
        ],
        "avg_steps_used": 18.19691666666667,
        "kept_frac": 0.6718000000000001
      },
      "approach_B_bonferroni": {
        "kept_acc": 0.3605501817518621,
        "kept_acc_ci": [
          0.2607431749241658,
          0.4674712276214833
        ],
        "avg_steps_used": 23.515933333333333,
        "kept_frac": 0.8601499999999999
      }
    },
    "running_entropy_mean_alpha_0.1": {
      "trajectory_cp": {
        "kept_acc": 0.41699785337022804,
        "kept_acc_ci": [
          0.2795573893473368,
          0.5763175317796609
        ]
      },
      "approach_A_per_step": {
        "kept_acc": 0.49547972233764087,
        "kept_acc_ci": [
          0.3404255319148936,
          0.6551724137931034
        ],
        "avg_steps_used": 14.12646666666667,
        "kept_frac": 0.4310166666666667
      },
      "approach_B_bonferroni": {
        "kept_acc": 0.45313279518929467,
        "kept_acc_ci": [
          0.32856609808102344,
          0.5909090909090909
        ],
        "avg_steps_used": 19.935066666666668,
        "kept_frac": 0.6407333333333333
      }
    },
    "running_lp_mean_alpha_0.1": {
      "trajectory_cp": {
        "kept_acc": 0.40188428370722706,
        "kept_acc_ci": [
          0.2688040912667191,
          0.5484705228031145
        ]
      },
      "approach_A_per_step": {
        "kept_acc": 0.4789093923824472,
        "kept_acc_ci": [
          0.32139285714285715,
          0.6400714285714285
        ],
        "avg_steps_used": 14.531350000000002,
        "kept_frac": 0.4484
      },
      "approach_B_bonferroni": {
        "kept_acc": 0.43663269688873885,
        "kept_acc_ci": [
          0.3076923076923077,
          0.5626166044776119
        ],
        "avg_steps_used": 20.1941,
        "kept_frac": 0.66305
      }
    },
    "prov_modal_frac_alpha_0.1": {
      "trajectory_cp": {
        "kept_acc": 0.3527812495745699,
        "kept_acc_ci": [
          0.25,
          0.4673913043478261
        ]
      },
      "approach_A_per_step": {
        "kept_acc": 0.33131789306039844,
        "kept_acc_ci": [
          0.23076923076923078,
          0.43247688477951635
        ],
        "avg_steps_used": 23.582816666666666,
        "kept_frac": 0.8650666666666667
      },
      "approach_B_bonferroni": {
        "kept_acc": 0.3375024549714007,
        "kept_acc_ci": [
          0.23467759444203215,
          0.43681712514529253
        ],
        "avg_steps_used": 26.07118333333333,
        "kept_frac": 0.9515666666666668
      }
    },
    "prov_n_distinct_alpha_0.1": {
      "trajectory_cp": {
        "kept_acc": 0.3460906572583976,
        "kept_acc_ci": [
          0.24466848095002475,
          0.45745642143040244
        ]
      },
      "approach_A_per_step": {
        "kept_acc": 0.3374935066534947,
        "kept_acc_ci": [
          0.23654793906810037,
          0.4405753968253967
        ],
        "avg_steps_used": 20.973033333333333,
        "kept_frac": 0.8476166666666667
      },
      "approach_B_bonferroni": {
        "kept_acc": 0.33746978542702827,
        "kept_acc_ci": [
          0.24207672796448954,
          0.4329896907216495
        ],
        "avg_steps_used": 25.53643333333333,
        "kept_frac": 0.9500166666666666
      }
    },
    "prov_last3_stable_alpha_0.1": {
      "trajectory_cp": {
        "kept_acc": 0.33721666666666666,
        "kept_acc_ci": [
          0.24,
          0.43
        ]
      },
      "approach_A_per_step": {
        "kept_acc": 0.3373910610345567,
        "kept_acc_ci": [
          0.24,
          0.43
        ],
        "avg_steps_used": 26.89385,
        "kept_frac": 0.99795
      },
      "approach_B_bonferroni": {
        "kept_acc": 0.3373910610345567,
        "kept_acc_ci": [
          0.24,
          0.43
        ],
        "avg_steps_used": 26.89385,
        "kept_frac": 0.99795
      }
    },
    "prov_n_flips_alpha_0.1": {
      "trajectory_cp": {
        "kept_acc": 0.3429831169238312,
        "kept_acc_ci": [
          0.24690957190957188,
          0.4421637426900584
        ]
      },
      "approach_A_per_step": {
        "kept_acc": 0.3330961380917453,
        "kept_acc_ci": [
          0.23329710144927537,
          0.43015029325513193
        ],
        "avg_steps_used": 23.705033333333333,
        "kept_frac": 0.885
      },
      "approach_B_bonferroni": {
        "kept_acc": 0.3394146694463201,
        "kept_acc_ci": [
          0.24209658762290343,
          0.4329982817869416
        ],
        "avg_steps_used": 25.993683333333333,
        "kept_frac": 0.9560000000000001
      }
    },
    "prov_match_latest_rate_alpha_0.1": {
      "trajectory_cp": {
        "kept_acc": 0.369047781786866,
        "kept_acc_ci": [
          0.2657948622486969,
          0.482067018072289
        ]
      },
      "approach_A_per_step": {
        "kept_acc": 0.3794175246135386,
        "kept_acc_ci": [
          0.2320684523809524,
          0.5556201550387596
        ],
        "avg_steps_used": 16.89558333333333,
        "kept_frac": 0.43106666666666665
      },
      "approach_B_bonferroni": {
        "kept_acc": 0.3879635959731172,
        "kept_acc_ci": [
          0.2702299314239613,
          0.5139093137254901
        ],
        "avg_steps_used": 22.700366666666664,
        "kept_frac": 0.6970166666666666
      }
    },
    "running_lp_min_alpha_0.3": {
      "trajectory_cp": {
        "kept_acc": 0.3948939539585261,
        "kept_acc_ci": [
          0.2685809235074627,
          0.5334146341463414
        ]
      },
      "approach_A_per_step": {
        "kept_acc": 0.46913270101757376,
        "kept_acc_ci": [
          0.2799444444444445,
          0.6801874999999998
        ],
        "avg_steps_used": 8.651416666666668,
        "kept_frac": 0.2696
      },
      "approach_B_bonferroni": {
        "kept_acc": 0.3687025550113709,
        "kept_acc_ci": [
          0.2619047619047619,
          0.4772812075983718
        ],
        "avg_steps_used": 22.687216666666668,
        "kept_frac": 0.8322333333333334
      }
    },
    "running_lp_drawdown_alpha_0.3": {
      "trajectory_cp": {
        "kept_acc": 0.3864308787759573,
        "kept_acc_ci": [
          0.2615340909090909,
          0.5246829570058769
        ]
      },
      "approach_A_per_step": {
        "kept_acc": 0.39992817538693315,
        "kept_acc_ci": [
          0.23992105263157895,
          0.5790570175438595
        ],
        "avg_steps_used": 9.925316666666667,
        "kept_frac": 0.34626666666666667
      },