{
  "model": "Qwen/Qwen2.5-Math-7B-Instruct",
  "tag": "qwen25_math_7b",
  "dataset": "aime",
  "n": 200,
  "vanilla_acc": 0.39,
  "scores": {
    "prov_n_flips": {
      "rho": 0.0990298282844039,
      "p": 0.16297161067860472,
      "kept_acc_alpha_0.30": {
        "kept_acc": 0.41627725231913343,
        "ci95": [
          0.332869568320984,
          0.5114258800786453
        ]
      }
    },
    "prov_final_match_rate": {
      "rho": 0.3156791157063262,
      "p": 5.279376416348733e-06,
      "kept_acc_alpha_0.30": {
        "kept_acc": 0.4904297324909163,
        "ci95": [
          0.3875074880503646,
          0.6170169373719637
        ]
      }
    },
    "prov_gold_match_rate": {
      "rho": 0.6727086369937224,
      "p": 1.0465810398111598e-27,
      "kept_acc_alpha_0.30": {
        "kept_acc": 0.7403613371488272,
        "ci95": [
          0.6038609804665943,
          0.87625102421866
        ]
      }
    },
    "prov_first_match_step": {
      "rho": 0.18376681105661746,
      "p": 0.009193154781047532,
      "kept_acc_alpha_0.30": {
        "kept_acc": 0.4343962985339969,
        "ci95": [
          0.34322690963458424,
          0.5331289018423108
        ]
      }
    },
    "prov_last_3_stable": {
      "rho": 0.22087034764981858,
      "p": 0.0016727910172947248,
      "kept_acc_alpha_0.30": {
        "kept_acc": 0.39135734858796556,
        "ci95": [
          0.32095,
          0.46305
        ]
      }
    },
    "prefix_lp_drift_max_abs": {
      "rho": -0.17563416386210323,
      "p": 0.013804089569233506,
      "kept_acc_alpha_0.30": {
        "kept_acc": 0.42123630970382814,
        "ci95": [
          0.3273002877020417,
          0.5088864024841238
        ]
      }
    },
    "prefix_lp_drift_pos_sum": {
      "rho": 0.09216629462942824,
      "p": 0.1988582717728836,
      "kept_acc_alpha_0.30": {
        "kept_acc": 0.4244592621418917,
        "ci95": [
          0.3311621708490071,
          0.525268417856653
        ]
      }
    },
    "prefix_lp_drift_neg_sum": {
      "rho": 0.23476306991966506,
      "p": 0.0009260794707376529,
      "kept_acc_alpha_0.30": {
        "kept_acc": 0.46600483225995903,
        "ci95": [
          0.37385006508114205,
          0.5553036051695949
        ]
      }
    },
    "prefix_ent_drift_max_abs": {
      "rho": -0.13269725552068282,
      "p": 0.06372679096284238,
      "kept_acc_alpha_0.30": {
        "kept_acc": 0.4156951139019648,
        "ci95": [
          0.33843603119569005,
          0.49383891763722826
        ]
      }
    },
    "prefix_ent_drift_pos_sum": {
      "rho": -0.2445475422226117,
      "p": 0.0005515885433042989,
      "kept_acc_alpha_0.30": {
        "kept_acc": 0.4764969270455761,
        "ci95": [
          0.38538937083337915,
          0.5742948133861075
        ]
      }
    },
    "prefix_marg_drift_max_abs": {
      "rho": -0.01554612198568669,
      "p": 0.8287799103580267,
      "kept_acc_alpha_0.30": {
        "kept_acc": 0.36843759740026544,
        "ci95": [
          0.29040580618837064,
          0.44667788836228106
        ]
      }
    },
    "lp_monotone_up_frac": {
      "rho": 0.2379404719210524,
      "p": 0.0007844568482657777,
      "kept_acc_alpha_0.30": {
        "kept_acc": 0.4947647235607518,
        "ci95": [
          0.37509107401556624,
          0.6043714713842907
        ]
      }
    },
    "lp_pref_var": {
      "rho": -0.30240908719776255,
      "p": 1.6477755736776244e-05,
      "kept_acc_alpha_0.30": {
        "kept_acc": 0.46993943399613425,
        "ci95": [
          0.3629215905628784,
          0.5762222885092778
        ]
      }
    }
  }
}