{
  "model": "Qwen/Qwen2.5-32B-Instruct",
  "tag": "qwen25_32b",
  "dataset": "aime",
  "n": 200,
  "vanilla_acc": 0.395,
  "results": {
    "gate_ent_f0.25_K2": {
      "acc": 0.415,
      "delta": 0.019999999999999962,
      "n": 200,
      "flagged_n": 50,
      "avg_compute": 1.5
    },
    "gate_ent_f0.25_K4": {
      "acc": 0.41,
      "delta": 0.014999999999999958,
      "n": 200,
      "flagged_n": 50,
      "avg_compute": 2.0
    },
    "gate_ent_f0.25_K8": {
      "acc": 0.41,
      "delta": 0.014999999999999958,
      "n": 200,
      "flagged_n": 50,
      "avg_compute": 3.0
    },
    "gate_ent_f0.5_K2": {
      "acc": 0.425,
      "delta": 0.02999999999999997,
      "n": 200,
      "flagged_n": 100,
      "avg_compute": 2.0
    },
    "gate_ent_f0.5_K4": {
      "acc": 0.43,
      "delta": 0.034999999999999976,
      "n": 200,
      "flagged_n": 100,
      "avg_compute": 3.0
    },
    "gate_ent_f0.5_K8": {
      "acc": 0.42,
      "delta": 0.024999999999999967,
      "n": 200,
      "flagged_n": 100,
      "avg_compute": 5.0
    },
    "gate_ent_f0.75_K2": {
      "acc": 0.405,
      "delta": 0.010000000000000009,
      "n": 200,
      "flagged_n": 150,
      "avg_compute": 2.5
    },
    "gate_ent_f0.75_K4": {
      "acc": 0.445,
      "delta": 0.04999999999999999,
      "n": 200,
      "flagged_n": 150,
      "avg_compute": 4.0
    },
    "gate_ent_f0.75_K8": {
      "acc": 0.42,
      "delta": 0.024999999999999967,
      "n": 200,
      "flagged_n": 150,
      "avg_compute": 7.0
    },
    "gate_lp_f0.25_K2": {
      "acc": 0.405,
      "delta": 0.010000000000000009,
      "n": 200,
      "flagged_n": 50,
      "avg_compute": 1.5
    },
    "gate_lp_f0.25_K4": {
      "acc": 0.415,
      "delta": 0.019999999999999962,
      "n": 200,
      "flagged_n": 50,
      "avg_compute": 2.0
    },
    "gate_lp_f0.25_K8": {
      "acc": 0.41,
      "delta": 0.014999999999999958,
      "n": 200,
      "flagged_n": 50,
      "avg_compute": 3.0
    },
    "gate_lp_f0.5_K2": {
      "acc": 0.41,
      "delta": 0.014999999999999958,
      "n": 200,
      "flagged_n": 100,
      "avg_compute": 2.0
    },
    "gate_lp_f0.5_K4": {
      "acc": 0.435,
      "delta": 0.03999999999999998,
      "n": 200,
      "flagged_n": 100,
      "avg_compute": 3.0
    },
    "gate_lp_f0.5_K8": {
      "acc": 0.43,
      "delta": 0.034999999999999976,
      "n": 200,
      "flagged_n": 100,
      "avg_compute": 5.0
    },
    "gate_lp_f0.75_K2": {
      "acc": 0.42,
      "delta": 0.024999999999999967,
      "n": 200,
      "flagged_n": 150,
      "avg_compute": 2.5
    },
    "gate_lp_f0.75_K4": {
      "acc": 0.445,
      "delta": 0.04999999999999999,
      "n": 200,
      "flagged_n": 150,
      "avg_compute": 4.0
    },
    "gate_lp_f0.75_K8": {
      "acc": 0.455,
      "delta": 0.06,
      "n": 200,
      "flagged_n": 150,
      "avg_compute": 7.0
    },
    "gate_combined_f0.25_K2": {
      "acc": 0.455,
      "delta": 0.06,
      "n": 200,
      "flagged_n": 151,
      "avg_compute": 2.51
    },
    "gate_combined_f0.25_K4": {
      "acc": 0.45,
      "delta": 0.05499999999999999,
      "n": 200,
      "flagged_n": 151,
      "avg_compute": 4.02
    },
    "gate_combined_f0.25_K8": {
      "acc": 0.47,
      "delta": 0.07499999999999996,
      "n": 200,
      "flagged_n": 151,
      "avg_compute": 7.04
    },
    "gate_combined_f0.5_K2": {
      "acc": 0.44,
      "delta": 0.044999999999999984,
      "n": 200,
      "flagged_n": 174,
      "avg_compute": 2.74
    },
    "gate_combined_f0.5_K4": {
      "acc": 0.45,
      "delta": 0.05499999999999999,
      "n": 200,
      "flagged_n": 174,
      "avg_compute": 4.48
    },
    "gate_combined_f0.5_K8": {
      "acc": 0.465,
      "delta": 0.07,
      "n": 200,
      "flagged_n": 174,
      "avg_compute": 7.96
    },
    "gate_combined_f0.75_K2": {
      "acc": 0.435,
      "delta": 0.03999999999999998,
      "n": 200,
      "flagged_n": 193,
      "avg_compute": 2.9299999999999997
    },
    "gate_combined_f0.75_K4": {
      "acc": 0.45,
      "delta": 0.05499999999999999,
      "n": 200,
      "flagged_n": 193,
      "avg_compute": 4.859999999999999
    },
    "gate_combined_f0.75_K8": {
      "acc": 0.455,
      "delta": 0.06,
      "n": 200,
      "flagged_n": 193,
      "avg_compute": 8.719999999999999
    },
    "always_K2": {
      "acc": 0.425,
      "delta": 0.02999999999999997,
      "n": 200,
      "flagged_n": 200,
      "avg_compute": 3.0
    },
    "always_K4": {
      "acc": 0.45,
      "delta": 0.05499999999999999,
      "n": 200,
      "flagged_n": 200,
      "avg_compute": 5.0
    },
    "always_K8": {
      "acc": 0.46,
      "delta": 0.065,
      "n": 200,
      "flagged_n": 200,
      "avg_compute": 9.0
    }
  }
}