{
  "model": "microsoft/phi-4",
  "tag": "phi4",
  "dataset": "math500",
  "n": 200,
  "vanilla_acc": 0.77,
  "results": {
    "gate_ent_f0.25_K2": {
      "acc": 0.775,
      "delta": 0.0050000000000000044,
      "n": 200,
      "flagged_n": 50,
      "avg_compute": 1.5
    },
    "gate_ent_f0.25_K4": {
      "acc": 0.775,
      "delta": 0.0050000000000000044,
      "n": 200,
      "flagged_n": 50,
      "avg_compute": 2.0
    },
    "gate_ent_f0.25_K8": {
      "acc": 0.77,
      "delta": 0.0,
      "n": 200,
      "flagged_n": 50,
      "avg_compute": 3.0
    },
    "gate_ent_f0.5_K2": {
      "acc": 0.77,
      "delta": 0.0,
      "n": 200,
      "flagged_n": 100,
      "avg_compute": 2.0
    },
    "gate_ent_f0.5_K4": {
      "acc": 0.77,
      "delta": 0.0,
      "n": 200,
      "flagged_n": 100,
      "avg_compute": 3.0
    },
    "gate_ent_f0.5_K8": {
      "acc": 0.76,
      "delta": -0.010000000000000009,
      "n": 200,
      "flagged_n": 100,
      "avg_compute": 5.0
    },
    "gate_ent_f0.75_K2": {
      "acc": 0.78,
      "delta": 0.010000000000000009,
      "n": 200,
      "flagged_n": 150,
      "avg_compute": 2.5
    },
    "gate_ent_f0.75_K4": {
      "acc": 0.785,
      "delta": 0.015000000000000013,
      "n": 200,
      "flagged_n": 150,
      "avg_compute": 4.0
    },
    "gate_ent_f0.75_K8": {
      "acc": 0.755,
      "delta": -0.015000000000000013,
      "n": 200,
      "flagged_n": 150,
      "avg_compute": 7.0
    },
    "gate_lp_f0.25_K2": {
      "acc": 0.77,
      "delta": 0.0,
      "n": 200,
      "flagged_n": 50,
      "avg_compute": 1.5
    },
    "gate_lp_f0.25_K4": {
      "acc": 0.765,
      "delta": -0.0050000000000000044,
      "n": 200,
      "flagged_n": 50,
      "avg_compute": 2.0
    },
    "gate_lp_f0.25_K8": {
      "acc": 0.76,
      "delta": -0.010000000000000009,
      "n": 200,
      "flagged_n": 50,
      "avg_compute": 3.0
    },
    "gate_lp_f0.5_K2": {
      "acc": 0.77,
      "delta": 0.0,
      "n": 200,
      "flagged_n": 100,
      "avg_compute": 2.0
    },
    "gate_lp_f0.5_K4": {
      "acc": 0.765,
      "delta": -0.0050000000000000044,
      "n": 200,
      "flagged_n": 100,
      "avg_compute": 3.0
    },
    "gate_lp_f0.5_K8": {
      "acc": 0.76,
      "delta": -0.010000000000000009,
      "n": 200,
      "flagged_n": 100,
      "avg_compute": 5.0
    },
    "gate_lp_f0.75_K2": {
      "acc": 0.78,
      "delta": 0.010000000000000009,
      "n": 200,
      "flagged_n": 150,
      "avg_compute": 2.5
    },
    "gate_lp_f0.75_K4": {
      "acc": 0.765,
      "delta": -0.0050000000000000044,
      "n": 200,
      "flagged_n": 150,
      "avg_compute": 4.0
    },
    "gate_lp_f0.75_K8": {
      "acc": 0.755,
      "delta": -0.015000000000000013,
      "n": 200,
      "flagged_n": 150,
      "avg_compute": 7.0
    },
    "gate_combined_f0.25_K2": {
      "acc": 0.78,
      "delta": 0.010000000000000009,
      "n": 200,
      "flagged_n": 158,
      "avg_compute": 2.58
    },
    "gate_combined_f0.25_K4": {
      "acc": 0.78,
      "delta": 0.010000000000000009,
      "n": 200,
      "flagged_n": 158,
      "avg_compute": 4.16
    },
    "gate_combined_f0.25_K8": {
      "acc": 0.755,
      "delta": -0.015000000000000013,
      "n": 200,
      "flagged_n": 158,
      "avg_compute": 7.32
    },
    "gate_combined_f0.5_K2": {
      "acc": 0.775,
      "delta": 0.0050000000000000044,
      "n": 200,
      "flagged_n": 180,
      "avg_compute": 2.8
    },
    "gate_combined_f0.5_K4": {
      "acc": 0.775,
      "delta": 0.0050000000000000044,
      "n": 200,
      "flagged_n": 180,
      "avg_compute": 4.6
    },
    "gate_combined_f0.5_K8": {
      "acc": 0.76,
      "delta": -0.010000000000000009,
      "n": 200,
      "flagged_n": 180,
      "avg_compute": 8.2
    },
    "gate_combined_f0.75_K2": {
      "acc": 0.78,
      "delta": 0.010000000000000009,
      "n": 200,
      "flagged_n": 196,
      "avg_compute": 2.96
    },
    "gate_combined_f0.75_K4": {
      "acc": 0.78,
      "delta": 0.010000000000000009,
      "n": 200,
      "flagged_n": 196,
      "avg_compute": 4.92
    },
    "gate_combined_f0.75_K8": {
      "acc": 0.76,
      "delta": -0.010000000000000009,
      "n": 200,
      "flagged_n": 196,
      "avg_compute": 8.84
    },
    "always_K2": {
      "acc": 0.785,
      "delta": 0.015000000000000013,
      "n": 200,
      "flagged_n": 200,
      "avg_compute": 3.0
    },
    "always_K4": {
      "acc": 0.77,
      "delta": 0.0,
      "n": 200,
      "flagged_n": 200,
      "avg_compute": 5.0
    },
    "always_K8": {
      "acc": 0.755,
      "delta": -0.015000000000000013,
      "n": 200,
      "flagged_n": 200,
      "avg_compute": 9.0
    }
  }
}