{
  "model": "Qwen/Qwen2.5-32B-Instruct",
  "tag": "qwen25_32b",
  "dataset": "math500",
  "n": 200,
  "vanilla_acc": 0.805,
  "scores": {
    "prov_n_flips": {
      "rho": -0.09625102965879087,
      "p": 0.17515865276957365,
      "kept_acc_alpha_0.30": {
        "kept_acc": 0.8339380676502572,
        "ci95": [
          0.7686924504427701,
          0.8947550472115844
        ]
      }
    },
    "prov_final_match_rate": {
      "rho": 0.24728194074375168,
      "p": 0.00041530991464000993,
      "kept_acc_alpha_0.30": {
        "kept_acc": 0.8707891853993392,
        "ci95": [
          0.8091351100145217,
          0.9326082723762278
        ]
      }
    },
    "prov_gold_match_rate": {
      "rho": 0.5622771809326527,
      "p": 4.5635368650575815e-18,
      "kept_acc_alpha_0.30": {
        "kept_acc": 0.9628838685061745,
        "ci95": [
          0.9196419281216882,
          0.9951830470290058
        ]
      }
    },
    "prov_first_match_step": {
      "rho": -0.13928789047051793,
      "p": 0.049173905016111664,
      "kept_acc_alpha_0.30": {
        "kept_acc": 0.8461565306494644,
        "ci95": [
          0.7923183237746454,
          0.9071497134447936
        ]
      }
    },
    "prov_last_3_stable": {
      "rho": 0.08342148831116859,
      "p": 0.2402302586268915,
      "kept_acc_alpha_0.30": {
        "kept_acc": 0.8024333333333334,
        "ci95": [
          0.74495,
          0.866
        ]
      }
    },
    "prefix_lp_drift_max_abs": {
      "rho": -0.10590454433541485,
      "p": 0.13556047862710924,
      "kept_acc_alpha_0.30": {
        "kept_acc": 0.8202928251983092,
        "ci95": [
          0.7464443136439067,
          0.8842596345866822
        ]
      }
    },
    "prefix_lp_drift_pos_sum": {
      "rho": -0.19421297758930048,
      "p": 0.005857415220957087,
      "kept_acc_alpha_0.30": {
        "kept_acc": 0.8497577197929305,
        "ci95": [
          0.7850234360962415,
          0.916102506712282
        ]
      }
    },
    "prefix_lp_drift_neg_sum": {
      "rho": 0.07017783450942854,
      "p": 0.3234163578250103,
      "kept_acc_alpha_0.30": {
        "kept_acc": 0.808490360791514,
        "ci95": [
          0.7365483864503681,
          0.881609257039467
        ]
      }
    },
    "prefix_ent_drift_max_abs": {
      "rho": -0.09366377140913366,
      "p": 0.1871005794491984,
      "kept_acc_alpha_0.30": {
        "kept_acc": 0.8163470223749808,
        "ci95": [
          0.7433570920082144,
          0.8840343659231528
        ]
      }
    },
    "prefix_ent_drift_pos_sum": {
      "rho": -0.08395814122913851,
      "p": 0.237208402879693,
      "kept_acc_alpha_0.30": {
        "kept_acc": 0.8197670144577955,
        "ci95": [
          0.7493708304644245,
          0.8951789759629729
        ]
      }
    },
    "prefix_marg_drift_max_abs": {
      "rho": 0.022404986159711086,
      "p": 0.7528316346550405,
      "kept_acc_alpha_0.30": {
        "kept_acc": 0.8190782557840095,
        "ci95": [
          0.7493079035490117,
          0.8914825164544319
        ]
      }
    },
    "lp_monotone_up_frac": {
      "rho": -0.07603468020328355,
      "p": 0.2845730991559125,
      "kept_acc_alpha_0.30": {
        "kept_acc": 0.8119207841017567,
        "ci95": [
          0.74564471487244,
          0.8787662210831222
        ]
      }
    },
    "lp_pref_var": {
      "rho": -0.1546490508097131,
      "p": 0.028776812038523635,
      "kept_acc_alpha_0.30": {
        "kept_acc": 0.8427341115913816,
        "ci95": [
          0.7730999967496819,
          0.9102444411326662
        ]
      }
    }
  }
}