{
  "tag": "qwen25_math_7b",
  "dataset": "aime",
  "n": 200,
  "vanilla_acc": 0.39,
  "score_signs": {
    "running_lp_min": 1,
    "running_lp_drawdown": -1,
    "running_entropy_mean": -1,
    "running_lp_mean": 1,
    "prov_modal_frac": 1,
    "prov_n_distinct": 1,
    "prov_last3_stable": 1,
    "prov_n_flips": 1,
    "prov_match_latest_rate": 1
  },
  "results": {
    "running_lp_min_alpha_0.1": {
      "trajectory_cp": {
        "kept_acc": 0.4739572099240617,
        "kept_acc_ci": [
          0.35,
          0.6129652605459056
        ]
      },
      "approach_A_per_step": {
        "kept_acc": 0.4834417342842038,
        "kept_acc_ci": [
          0.3499038461538461,
          0.6296497584541063
        ],
        "avg_steps_used": 11.144283333333332,
        "kept_frac": 0.5664333333333333
      },
      "approach_B_bonferroni": {
        "kept_acc": 0.4701587200084583,
        "kept_acc_ci": [
          0.3513175675675676,
          0.6027777777777775
        ],
        "avg_steps_used": 14.0314,
        "kept_frac": 0.7516166666666667
      }
    },
    "running_lp_drawdown_alpha_0.1": {
      "trajectory_cp": {
        "kept_acc": 0.467824136697811,
        "kept_acc_ci": [
          0.3455896686159844,
          0.6078909612625537
        ]
      },
      "approach_A_per_step": {
        "kept_acc": 0.4518858261501265,
        "kept_acc_ci": [
          0.3125,
          0.5971937189054725
        ],
        "avg_steps_used": 11.709433333333333,
        "kept_frac": 0.6080333333333333
      },
      "approach_B_bonferroni": {
        "kept_acc": 0.460745258215548,
        "kept_acc_ci": [
          0.3428084415584416,
          0.5904050412175016
        ],
        "avg_steps_used": 14.203966666666666,
        "kept_frac": 0.7706166666666667
      }
    },
    "running_entropy_mean_alpha_0.1": {
      "trajectory_cp": {
        "kept_acc": 0.5407544153789826,
        "kept_acc_ci": [
          0.40270833333333333,
          0.7069324712643678
        ]
      },
      "approach_A_per_step": {
        "kept_acc": 0.5315907193855238,
        "kept_acc_ci": [
          0.3799444444444445,
          0.693921916592724
        ],
        "avg_steps_used": 11.02935,
        "kept_frac": 0.4929666666666666
      },
      "approach_B_bonferroni": {
        "kept_acc": 0.499222819139084,
        "kept_acc_ci": [
          0.36354545454545456,
          0.6507936507936508
        ],
        "avg_steps_used": 13.851899999999999,
        "kept_frac": 0.6973333333333332
      }
    },
    "running_lp_mean_alpha_0.1": {
      "trajectory_cp": {
        "kept_acc": 0.5323754329281281,
        "kept_acc_ci": [
          0.397008896151053,
          0.6901950162513542
        ]
      },
      "approach_A_per_step": {
        "kept_acc": 0.5328325877605227,
        "kept_acc_ci": [
          0.39514253563390844,
          0.6964420995670996
        ],
        "avg_steps_used": 10.654533333333333,
        "kept_frac": 0.49188333333333334
      },
      "approach_B_bonferroni": {
        "kept_acc": 0.5054648871093602,
        "kept_acc_ci": [
          0.36982696467195386,
          0.649182615629984
        ],
        "avg_steps_used": 13.730983333333334,
        "kept_frac": 0.6906
      }
    },
    "prov_modal_frac_alpha_0.1": {
      "trajectory_cp": {
        "kept_acc": 0.398021173046475,
        "kept_acc_ci": [
          0.2965079365079365,
          0.5061808561808562
        ]
      },
      "approach_A_per_step": {
        "kept_acc": 0.38938790199211853,
        "kept_acc_ci": [
          0.2711528114070487,
          0.5172621520565018
        ],
        "avg_steps_used": 11.446116666666667,
        "kept_frac": 0.7554833333333333
      },
      "approach_B_bonferroni": {
        "kept_acc": 0.41004198763721583,
        "kept_acc_ci": [
          0.3067947860962567,
          0.5275210084033614
        ],
        "avg_steps_used": 12.413683333333333,
        "kept_frac": 0.8609499999999999
      }
    },
    "prov_n_distinct_alpha_0.1": {
      "trajectory_cp": {
        "kept_acc": 0.38579521339812584,
        "kept_acc_ci": [
          0.2906467274035004,
          0.4895833333333333
        ]
      },
      "approach_A_per_step": {
        "kept_acc": 0.40555766593734766,
        "kept_acc_ci": [
          0.29727227227227226,
          0.5270866454689983
        ],
        "avg_steps_used": 11.214016666666666,
        "kept_frac": 0.8344499999999999
      },
      "approach_B_bonferroni": {
        "kept_acc": 0.4010311666379177,
        "kept_acc_ci": [
          0.3009463462804477,
          0.5056122448979591
        ],
        "avg_steps_used": 12.618616666666666,
        "kept_frac": 0.9267166666666666
      }
    },
    "prov_last3_stable_alpha_0.1": {
      "trajectory_cp": {
        "kept_acc": 0.38630000000000003,
        "kept_acc_ci": [
          0.29,
          0.49
        ]
      },
      "approach_A_per_step": {
        "kept_acc": 0.3863765721988176,
        "kept_acc_ci": [
          0.29,
          0.49
        ],
        "avg_steps_used": 25.78345,
        "kept_frac": 0.9973166666666669
      },
      "approach_B_bonferroni": {
        "kept_acc": 0.3862570170798229,
        "kept_acc_ci": [
          0.29,
          0.49
        ],
        "avg_steps_used": 25.99925,
        "kept_frac": 0.9990333333333334
      }
    },
    "prov_n_flips_alpha_0.1": {
      "trajectory_cp": {
        "kept_acc": 0.3969198843139262,
        "kept_acc_ci": [
          0.29896610972864085,
          0.5001262626262625
        ]
      },
      "approach_A_per_step": {
        "kept_acc": 0.40939278063543255,
        "kept_acc_ci": [
          0.2999404761904762,
          0.5285924369747899
        ],
        "avg_steps_used": 11.256766666666666,
        "kept_frac": 0.8040833333333333
      },
      "approach_B_bonferroni": {
        "kept_acc": 0.4015590987446644,
        "kept_acc_ci": [
          0.3020613704819277,
          0.5058585503166784
        ],
        "avg_steps_used": 13.24645,
        "kept_frac": 0.9205999999999999
      }
    },
    "prov_match_latest_rate_alpha_0.1": {
      "trajectory_cp": {
        "kept_acc": 0.40737032309608573,
        "kept_acc_ci": [
          0.2948529411764706,
          0.515962918660287
        ]
      },
      "approach_A_per_step": {
        "kept_acc": 0.41235789995939154,
        "kept_acc_ci": [
          0.2954399766899767,
          0.5281019261637239
        ],
        "avg_steps_used": 11.704899999999999,
        "kept_frac": 0.7664166666666667
      },
      "approach_B_bonferroni": {
        "kept_acc": 0.4063203306023012,
        "kept_acc_ci": [
          0.297843114332476,
          0.5222348484848485
        ],
        "avg_steps_used": 12.5896,
        "kept_frac": 0.8822666666666666
      }
    },
    "running_lp_min_alpha_0.3": {
      "trajectory_cp": {
        "kept_acc": 0.49145702170886274,
        "kept_acc_ci": [
          0.35552083333333334,
          0.6487022737022737
        ]
      },
      "approach_A_per_step": {
        "kept_acc": 0.5506054221174255,
        "kept_acc_ci": [
          0.34126016260162606,
          0.7502155172413791
        ],
        "avg_steps_used": 5.504883333333334,
        "kept_frac": 0.3236166666666667
      },
      "approach_B_bonferroni": {
        "kept_acc": 0.4701587200084583,
        "kept_acc_ci": [
          0.3513175675675676,
          0.6027777777777775
        ],
        "avg_steps_used": 14.0314,
        "kept_frac": 0.7516166666666667
      }
    },
    "running_lp_drawdown_alpha_0.3": {
      "trajectory_cp": {
        "kept_acc": 0.48218595019604055,
        "kept_acc_ci": [
          0.34,
          0.6308653846153846
        ]
      },
      "approach_A_per_step": {
        "kept_acc": 0.4718927234866958,
        "kept_acc_ci": [
          0.2954211229946524,
          0.6573809523809522
        ],
        "avg_steps_used": 6.235733333333334,
        "kept_frac": 0.3880666666666666
      },