{
  "model": "microsoft/phi-4",
  "tag": "phi4",
  "dataset": "math500",
  "n": 200,
  "vanilla_acc": 0.775,
  "scores": {
    "prov_n_flips": {
      "rho": -0.22277628755680562,
      "p": 0.0015205803863871908,
      "kept_acc_alpha_0.30": {
        "kept_acc": 0.8200835557648732,
        "ci95": [
          0.757458656236744,
          0.8822843831899383
        ]
      }
    },
    "prov_final_match_rate": {
      "rho": 0.3122332835680913,
      "p": 6.763157971168255e-06,
      "kept_acc_alpha_0.30": {
        "kept_acc": 0.8552624880644407,
        "ci95": [
          0.7862134494684303,
          0.9099930053041169
        ]
      }
    },
    "prov_gold_match_rate": {
      "rho": 0.610425309363103,
      "p": 8.307004186657995e-22,
      "kept_acc_alpha_0.30": {
        "kept_acc": 0.942686317597199,
        "ci95": [
          0.8940236187423687,
          0.9818014752333507
        ]
      }
    },
    "prov_first_match_step": {
      "rho": -0.10840726751322996,
      "p": 0.1265107075072749,
      "kept_acc_alpha_0.30": {
        "kept_acc": 0.8003834850034972,
        "ci95": [
          0.7240721934282596,
          0.8637745810911118
        ]
      }
    },
    "prov_last_3_stable": {
      "rho": 0.367558541362513,
      "p": 8.599031007290863e-08,
      "kept_acc_alpha_0.30": {
        "kept_acc": 0.8482949004284944,
        "ci95": [
          0.750924213836478,
          0.9351266865243306
        ]
      }
    },
    "prefix_lp_drift_max_abs": {
      "rho": -0.03245699376002005,
      "p": 0.6482070896986462,
      "kept_acc_alpha_0.30": {
        "kept_acc": 0.781496936676695,
        "ci95": [
          0.705770071073993,
          0.8503711730269128
        ]
      }
    },
    "prefix_lp_drift_pos_sum": {
      "rho": -0.06273636174061382,
      "p": 0.377487726258366,
      "kept_acc_alpha_0.30": {
        "kept_acc": 0.7893292399458585,
        "ci95": [
          0.720699806432919,
          0.8570595824234187
        ]
      }
    },
    "prefix_lp_drift_neg_sum": {
      "rho": 0.16820607567741588,
      "p": 0.017271728340019478,
      "kept_acc_alpha_0.30": {
        "kept_acc": 0.8276946946539553,
        "ci95": [
          0.7626760844844606,
          0.8902094923272574
        ]
      }
    },
    "prefix_ent_drift_max_abs": {
      "rho": -0.06750639916221422,
      "p": 0.34222171358112174,
      "kept_acc_alpha_0.30": {
        "kept_acc": 0.7863702981402367,
        "ci95": [
          0.7089500432756262,
          0.8561855178312608
        ]
      }
    },
    "prefix_ent_drift_pos_sum": {
      "rho": -0.17184850315168967,
      "p": 0.014966004033370905,
      "kept_acc_alpha_0.30": {
        "kept_acc": 0.830075109170618,
        "ci95": [
          0.7670151386747602,
          0.8945126183305472
        ]
      }
    },
    "prefix_marg_drift_max_abs": {
      "rho": -0.0048737338872873555,
      "p": 0.945392884660959,
      "kept_acc_alpha_0.30": {
        "kept_acc": 0.7916762883564006,
        "ci95": [
          0.7173048311272786,
          0.8601159287077049
        ]
      }
    },
    "lp_monotone_up_frac": {
      "rho": 0.13675222380849433,
      "p": 0.05349202124304347,
      "kept_acc_alpha_0.30": {
        "kept_acc": 0.7941529195464343,
        "ci95": [
          0.7210397018908385,
          0.8648633374374162
        ]
      }
    },
    "lp_pref_var": {
      "rho": 0.06211418294649205,
      "p": 0.382246106457763,
      "kept_acc_alpha_0.30": {
        "kept_acc": 0.776369501522277,
        "ci95": [
          0.7016263795541882,
          0.8489605726765403
        ]
      }
    }
  }
}