{
  "model": "microsoft/phi-4",
  "tag": "phi4",
  "dataset": "olympiad",
  "n": 200,
  "vanilla_acc": 0.485,
  "results": {
    "gate_ent_f0.25_K2": {
      "acc": 0.48,
      "delta": -0.0050000000000000044,
      "n": 200,
      "flagged_n": 50,
      "avg_compute": 1.5
    },
    "gate_ent_f0.25_K4": {
      "acc": 0.485,
      "delta": 0.0,
      "n": 200,
      "flagged_n": 50,
      "avg_compute": 2.0
    },
    "gate_ent_f0.25_K8": {
      "acc": 0.47,
      "delta": -0.015000000000000013,
      "n": 200,
      "flagged_n": 50,
      "avg_compute": 3.0
    },
    "gate_ent_f0.5_K2": {
      "acc": 0.48,
      "delta": -0.0050000000000000044,
      "n": 200,
      "flagged_n": 100,
      "avg_compute": 2.0
    },
    "gate_ent_f0.5_K4": {
      "acc": 0.475,
      "delta": -0.010000000000000009,
      "n": 200,
      "flagged_n": 100,
      "avg_compute": 3.0
    },
    "gate_ent_f0.5_K8": {
      "acc": 0.48,
      "delta": -0.0050000000000000044,
      "n": 200,
      "flagged_n": 100,
      "avg_compute": 5.0
    },
    "gate_ent_f0.75_K2": {
      "acc": 0.48,
      "delta": -0.0050000000000000044,
      "n": 200,
      "flagged_n": 150,
      "avg_compute": 2.5
    },
    "gate_ent_f0.75_K4": {
      "acc": 0.495,
      "delta": 0.010000000000000009,
      "n": 200,
      "flagged_n": 150,
      "avg_compute": 4.0
    },
    "gate_ent_f0.75_K8": {
      "acc": 0.485,
      "delta": 0.0,
      "n": 200,
      "flagged_n": 150,
      "avg_compute": 7.0
    },
    "gate_lp_f0.25_K2": {
      "acc": 0.49,
      "delta": 0.0050000000000000044,
      "n": 200,
      "flagged_n": 50,
      "avg_compute": 1.5
    },
    "gate_lp_f0.25_K4": {
      "acc": 0.5,
      "delta": 0.015000000000000013,
      "n": 200,
      "flagged_n": 50,
      "avg_compute": 2.0
    },
    "gate_lp_f0.25_K8": {
      "acc": 0.51,
      "delta": 0.025000000000000022,
      "n": 200,
      "flagged_n": 50,
      "avg_compute": 3.0
    },
    "gate_lp_f0.5_K2": {
      "acc": 0.49,
      "delta": 0.0050000000000000044,
      "n": 200,
      "flagged_n": 100,
      "avg_compute": 2.0
    },
    "gate_lp_f0.5_K4": {
      "acc": 0.5,
      "delta": 0.015000000000000013,
      "n": 200,
      "flagged_n": 100,
      "avg_compute": 3.0
    },
    "gate_lp_f0.5_K8": {
      "acc": 0.495,
      "delta": 0.010000000000000009,
      "n": 200,
      "flagged_n": 100,
      "avg_compute": 5.0
    },
    "gate_lp_f0.75_K2": {
      "acc": 0.48,
      "delta": -0.0050000000000000044,
      "n": 200,
      "flagged_n": 150,
      "avg_compute": 2.5
    },
    "gate_lp_f0.75_K4": {
      "acc": 0.505,
      "delta": 0.020000000000000018,
      "n": 200,
      "flagged_n": 150,
      "avg_compute": 4.0
    },
    "gate_lp_f0.75_K8": {
      "acc": 0.475,
      "delta": -0.010000000000000009,
      "n": 200,
      "flagged_n": 150,
      "avg_compute": 7.0
    },
    "gate_combined_f0.25_K2": {
      "acc": 0.475,
      "delta": -0.010000000000000009,
      "n": 200,
      "flagged_n": 150,
      "avg_compute": 2.5
    },
    "gate_combined_f0.25_K4": {
      "acc": 0.5,
      "delta": 0.015000000000000013,
      "n": 200,
      "flagged_n": 150,
      "avg_compute": 4.0
    },
    "gate_combined_f0.25_K8": {
      "acc": 0.485,
      "delta": 0.0,
      "n": 200,
      "flagged_n": 150,
      "avg_compute": 7.0
    },
    "gate_combined_f0.5_K2": {
      "acc": 0.48,
      "delta": -0.0050000000000000044,
      "n": 200,
      "flagged_n": 182,
      "avg_compute": 2.8200000000000003
    },
    "gate_combined_f0.5_K4": {
      "acc": 0.495,
      "delta": 0.010000000000000009,
      "n": 200,
      "flagged_n": 182,
      "avg_compute": 4.640000000000001
    },
    "gate_combined_f0.5_K8": {
      "acc": 0.48,
      "delta": -0.0050000000000000044,
      "n": 200,
      "flagged_n": 182,
      "avg_compute": 8.280000000000001
    },
    "gate_combined_f0.75_K2": {
      "acc": 0.49,
      "delta": 0.0050000000000000044,
      "n": 200,
      "flagged_n": 192,
      "avg_compute": 2.92
    },
    "gate_combined_f0.75_K4": {
      "acc": 0.505,
      "delta": 0.020000000000000018,
      "n": 200,
      "flagged_n": 192,
      "avg_compute": 4.84
    },
    "gate_combined_f0.75_K8": {
      "acc": 0.48,
      "delta": -0.0050000000000000044,
      "n": 200,
      "flagged_n": 192,
      "avg_compute": 8.68
    },
    "always_K2": {
      "acc": 0.49,
      "delta": 0.0050000000000000044,
      "n": 200,
      "flagged_n": 200,
      "avg_compute": 3.0
    },
    "always_K4": {
      "acc": 0.505,
      "delta": 0.020000000000000018,
      "n": 200,
      "flagged_n": 200,
      "avg_compute": 5.0
    },
    "always_K8": {
      "acc": 0.46,
      "delta": -0.024999999999999967,
      "n": 200,
      "flagged_n": 200,
      "avg_compute": 9.0
    }
  }
}