{
  "model": "Qwen/Qwen2.5-Math-7B-Instruct",
  "tag": "qwen25_math_7b",
  "dataset": "olympiad",
  "n": 200,
  "vanilla_acc": 0.45,
  "scores": {
    "prov_n_flips": {
      "rho": 0.014722595914098288,
      "p": 0.8360761640444276,
      "kept_acc_alpha_0.30": {
        "kept_acc": 0.4462993946368141,
        "ci95": [
          0.36827973148287874,
          0.5359006849145296
        ]
      }
    },
    "prov_final_match_rate": {
      "rho": 0.16756905048195325,
      "p": 0.017705265521497617,
      "kept_acc_alpha_0.30": {
        "kept_acc": 0.5253558484483474,
        "ci95": [
          0.43713232262182233,
          0.6368576589758335
        ]
      }
    },
    "prov_gold_match_rate": {
      "rho": 0.6212441458157676,
      "p": 9.749381074370034e-23,
      "kept_acc_alpha_0.30": {
        "kept_acc": 0.7518074331734056,
        "ci95": [
          0.6473689979464771,
          0.8453807401748578
        ]
      }
    },
    "prov_first_match_step": {
      "rho": 0.1493879175962957,
      "p": 0.0347479317550522,
      "kept_acc_alpha_0.30": {
        "kept_acc": 0.5218349713214305,
        "ci95": [
          0.43554049007257334,
          0.6142657215246343
        ]
      }
    },
    "prov_last_3_stable": {
      "rho": -0.0502518907629606,
      "p": 0.47977706015178034,
      "kept_acc_alpha_0.30": {
        "kept_acc": 0.4624498564288359,
        "ci95": [
          0.3804684416059879,
          0.5491648142373485
        ]
      }
    },
    "prefix_lp_drift_max_abs": {
      "rho": -0.20383343048844343,
      "p": 0.003972562555646579,
      "kept_acc_alpha_0.30": {
        "kept_acc": 0.5126668407283341,
        "ci95": [
          0.4079656111925583,
          0.6261861821017617
        ]
      }
    },
    "prefix_lp_drift_pos_sum": {
      "rho": -0.0004440849805946025,
      "p": 0.9950457551295385,
      "kept_acc_alpha_0.30": {
        "kept_acc": 0.44715435304957574,
        "ci95": [
          0.3564144243027273,
          0.5338790032634427
        ]
      }
    },
    "prefix_lp_drift_neg_sum": {
      "rho": 0.2638312751902324,
      "p": 0.00017286301716999504,
      "kept_acc_alpha_0.30": {
        "kept_acc": 0.5133675999914995,
        "ci95": [
          0.417235019301331,
          0.6173085447723448
        ]
      }
    },
    "prefix_ent_drift_max_abs": {
      "rho": -0.19122151452793845,
      "p": 0.006962405642368755,
      "kept_acc_alpha_0.30": {
        "kept_acc": 0.5085789108574231,
        "ci95": [
          0.4066459171215356,
          0.6243551162800111
        ]
      }
    },
    "prefix_ent_drift_pos_sum": {
      "rho": -0.2609358067851448,
      "p": 0.0002048355040517002,
      "kept_acc_alpha_0.30": {
        "kept_acc": 0.5138077992154291,
        "ci95": [
          0.42055761821503734,
          0.6118692308819464
        ]
      }
    },
    "prefix_marg_drift_max_abs": {
      "rho": -0.039878523001878476,
      "p": 0.576974385552874,
      "kept_acc_alpha_0.30": {
        "kept_acc": 0.4605252852812411,
        "ci95": [
          0.3724383265993983,
          0.5635195113383555
        ]
      }
    },
    "lp_monotone_up_frac": {
      "rho": 0.3091599379868966,
      "p": 9.345880990780009e-06,
      "kept_acc_alpha_0.30": {
        "kept_acc": 0.5735223077662628,
        "ci95": [
          0.4431069379627265,
          0.6854972594348371
        ]
      }
    },
    "lp_pref_var": {
      "rho": -0.21609008121062437,
      "p": 0.0022310774513895093,
      "kept_acc_alpha_0.30": {
        "kept_acc": 0.5167841383916849,
        "ci95": [
          0.42325283181207074,
          0.6236319606603183
        ]
      }
    }
  }
}