{
  "model": "Qwen/Qwen2.5-7B-Instruct",
  "tag": "qwen25_7b",
  "dataset": "olympiad",
  "n": 200,
  "vanilla_acc": 0.445,
  "scores": {
    "prov_n_flips": {
      "rho": -0.012207977741741904,
      "p": 0.8637747206570885,
      "kept_acc_alpha_0.30": {
        "kept_acc": 0.43729396729110076,
        "ci95": [
          0.3611836737530285,
          0.5181286460341066
        ]
      }
    },
    "prov_final_match_rate": {
      "rho": 0.08673744559544631,
      "p": 0.2219849319144938,
      "kept_acc_alpha_0.30": {
        "kept_acc": 0.47137496402359846,
        "ci95": [
          0.3926079294988993,
          0.5578095137314776
        ]
      }
    },
    "prov_gold_match_rate": {
      "rho": 0.6403480409902013,
      "p": 1.797204590671132e-24,
      "kept_acc_alpha_0.30": {
        "kept_acc": 0.7490505802479199,
        "ci95": [
          0.6397055662967446,
          0.8438810033488465
        ]
      }
    },
    "prov_first_match_step": {
      "rho": 0.058822108497487174,
      "p": 0.40802583024670824,
      "kept_acc_alpha_0.30": {
        "kept_acc": 0.46276097453649345,
        "ci95": [
          0.3786990344767898,
          0.5457067146340102
        ]
      }
    },
    "prov_last_3_stable": {
      "rho": -0.04275948218977122,
      "p": 0.5477100483980529,
      "kept_acc_alpha_0.30": {
        "kept_acc": 0.4552365507563969,
        "ci95": [
          0.374,
          0.5434348142003257
        ]
      }
    },
    "prefix_lp_drift_max_abs": {
      "rho": -0.10647069783127705,
      "p": 0.1364574877649855,
      "kept_acc_alpha_0.30": {
        "kept_acc": 0.47971106617649845,
        "ci95": [
          0.3828952908661249,
          0.5807079057708788
        ]
      }
    },
    "prefix_lp_drift_pos_sum": {
      "rho": 0.040308062466506846,
      "p": 0.5738578704060645,
      "kept_acc_alpha_0.30": {
        "kept_acc": 0.4479612192259854,
        "ci95": [
          0.3564846834661487,
          0.5395283807044579
        ]
      }
    },
    "prefix_lp_drift_neg_sum": {
      "rho": 0.2280558250252918,
      "p": 0.001267995020189484,
      "kept_acc_alpha_0.30": {
        "kept_acc": 0.5223537677937515,
        "ci95": [
          0.4169931378413155,
          0.627664100700924
        ]
      }
    },
    "prefix_ent_drift_max_abs": {
      "rho": -0.10629115196646884,
      "p": 0.13712366110715654,
      "kept_acc_alpha_0.30": {
        "kept_acc": 0.49244666464874837,
        "ci95": [
          0.39821114939209434,
          0.5996253402090396
        ]
      }
    },
    "prefix_ent_drift_pos_sum": {
      "rho": -0.2093878666433561,
      "p": 0.0031470047793313795,
      "kept_acc_alpha_0.30": {
        "kept_acc": 0.5208016631418391,
        "ci95": [
          0.4119758921706754,
          0.625819491671335
        ]
      }
    },
    "prefix_marg_drift_max_abs": {
      "rho": -0.009695476699644117,
      "p": 0.8924381889782671,
      "kept_acc_alpha_0.30": {
        "kept_acc": 0.4540143852608247,
        "ci95": [
          0.36824397125064046,
          0.548408371870757
        ]
      }
    },
    "lp_monotone_up_frac": {
      "rho": 0.15527960274107033,
      "p": 0.029345302728025945,
      "kept_acc_alpha_0.30": {
        "kept_acc": 0.49277043544039734,
        "ci95": [
          0.39648990440753507,
          0.5844545636360391
        ]
      }
    },
    "lp_pref_var": {
      "rho": -0.04973420455187815,
      "p": 0.48765698023466353,
      "kept_acc_alpha_0.30": {
        "kept_acc": 0.47271759907804606,
        "ci95": [
          0.37497540479207087,
          0.5800990397170831
        ]
      }
    }
  }
}