{
  "tag": "qwen25_7b",
  "dataset": "math500",
  "n": 200,
  "vanilla_acc": 0.745,
  "score_signs": {
    "running_lp_min": 1,
    "running_lp_drawdown": -1,
    "running_entropy_mean": -1,
    "running_lp_mean": 1,
    "prov_modal_frac": 1,
    "prov_n_distinct": -1,
    "prov_last3_stable": 1,
    "prov_n_flips": -1,
    "prov_match_latest_rate": 1
  },
  "results": {
    "running_lp_min_alpha_0.1": {
      "trajectory_cp": {
        "kept_acc": 0.7809003488300575,
        "kept_acc_ci": [
          0.6895486245641225,
          0.8701851340149211
        ]
      },
      "approach_A_per_step": {
        "kept_acc": 0.782315180203865,
        "kept_acc_ci": [
          0.6841342486651412,
          0.875
        ],
        "avg_steps_used": 5.548766666666667,
        "kept_frac": 0.7796666666666667
      },
      "approach_B_bonferroni": {
        "kept_acc": 0.7563910091235336,
        "kept_acc_ci": [
          0.6666666666666666,
          0.8385085797736399
        ],
        "avg_steps_used": 6.983149999999999,
        "kept_frac": 0.9490166666666668
      }
    },
    "running_lp_drawdown_alpha_0.1": {
      "trajectory_cp": {
        "kept_acc": 0.7783250752413523,
        "kept_acc_ci": [
          0.6880873071528752,
          0.8701714951714951
        ]
      },
      "approach_A_per_step": {
        "kept_acc": 0.7934686957376532,
        "kept_acc_ci": [
          0.6912962962962963,
          0.8846153846153846
        ],
        "avg_steps_used": 5.76455,
        "kept_frac": 0.7888166666666667
      },
      "approach_B_bonferroni": {
        "kept_acc": 0.757072026652401,
        "kept_acc_ci": [
          0.6666666666666666,
          0.8384012539184953
        ],
        "avg_steps_used": 7.015366666666665,
        "kept_frac": 0.9505999999999998
      }
    },
    "running_entropy_mean_alpha_0.1": {
      "trajectory_cp": {
        "kept_acc": 0.7746429204107911,
        "kept_acc_ci": [
          0.6823153942428035,
          0.8651685393258427
        ]
      },
      "approach_A_per_step": {
        "kept_acc": 0.7908949354608104,
        "kept_acc_ci": [
          0.6983766233766233,
          0.880665422885572
        ],
        "avg_steps_used": 5.4904166666666665,
        "kept_frac": 0.7494
      },
      "approach_B_bonferroni": {
        "kept_acc": 0.7740380768856763,
        "kept_acc_ci": [
          0.6744059656218402,
          0.8620797413793103
        ],
        "avg_steps_used": 6.810249999999999,
        "kept_frac": 0.9135833333333333
      }
    },
    "running_lp_mean_alpha_0.1": {
      "trajectory_cp": {
        "kept_acc": 0.7798602899766132,
        "kept_acc_ci": [
          0.6881364166342792,
          0.8709884201819685
        ]
      },
      "approach_A_per_step": {
        "kept_acc": 0.7934422854936809,
        "kept_acc_ci": [
          0.6985985940879597,
          0.8841440217391304
        ],
        "avg_steps_used": 5.452766666666666,
        "kept_frac": 0.7457
      },
      "approach_B_bonferroni": {
        "kept_acc": 0.7766512341301812,
        "kept_acc_ci": [
          0.6817940038684719,
          0.8621221796509152
        ],
        "avg_steps_used": 6.749933333333334,
        "kept_frac": 0.91375
      }
    },
    "prov_modal_frac_alpha_0.1": {
      "trajectory_cp": {
        "kept_acc": 0.7455624242320112,
        "kept_acc_ci": [
          0.648336038961039,
          0.8351680672268907
        ]
      },
      "approach_A_per_step": {
        "kept_acc": 0.7349152130521561,
        "kept_acc_ci": [
          0.6363147605083089,
          0.8241899852724595
        ],
        "avg_steps_used": 7.050633333333334,
        "kept_frac": 0.9271833333333332
      },
      "approach_B_bonferroni": {
        "kept_acc": 0.7445222955153891,
        "kept_acc_ci": [
          0.6494708269357315,
          0.8282828282828283
        ],
        "avg_steps_used": 7.240116666666666,
        "kept_frac": 0.9799333333333334
      }
    },
    "prov_n_distinct_alpha_0.1": {
      "trajectory_cp": {
        "kept_acc": 0.7405908566163862,
        "kept_acc_ci": [
          0.6450848896434634,
          0.8265570021111893
        ]
      },
      "approach_A_per_step": {
        "kept_acc": 0.7354363802338649,
        "kept_acc_ci": [
          0.6382978723404256,
          0.8229481456043956
        ],
        "avg_steps_used": 7.0175,
        "kept_frac": 0.9180999999999998
      },
      "approach_B_bonferroni": {
        "kept_acc": 0.7455031755072735,
        "kept_acc_ci": [
          0.6525657894736843,
          0.8282828282828283
        ],
        "avg_steps_used": 7.224283333333333,
        "kept_frac": 0.9750999999999999
      }
    },
    "prov_last3_stable_alpha_0.1": {
      "trajectory_cp": {
        "kept_acc": 0.7430833333333333,
        "kept_acc_ci": [
          0.65,
          0.83
        ]
      },
      "approach_A_per_step": {
        "kept_acc": 0.7433106834616592,
        "kept_acc_ci": [
          0.65,
          0.83
        ],
        "avg_steps_used": 7.287083333333333,
        "kept_frac": 0.9988666666666666
      },
      "approach_B_bonferroni": {
        "kept_acc": 0.7433099961764358,
        "kept_acc_ci": [
          0.65,
          0.83
        ],
        "avg_steps_used": 7.287233333333334,
        "kept_frac": 0.9989166666666667
      }
    },
    "prov_n_flips_alpha_0.1": {
      "trajectory_cp": {
        "kept_acc": 0.7458921922144741,
        "kept_acc_ci": [
          0.6494845360824743,
          0.8316228070175439
        ]
      },
      "approach_A_per_step": {
        "kept_acc": 0.7403816702588871,
        "kept_acc_ci": [
          0.6464488636363637,
          0.8300833333333332
        ],
        "avg_steps_used": 7.023716666666666,
        "kept_frac": 0.9398
      },
      "approach_B_bonferroni": {
        "kept_acc": 0.7440343584026957,
        "kept_acc_ci": [
          0.6498214285714285,
          0.8283257575757575
        ],
        "avg_steps_used": 7.228516666666668,
        "kept_frac": 0.9839166666666666
      }
    },
    "prov_match_latest_rate_alpha_0.1": {
      "trajectory_cp": {
        "kept_acc": 0.7414920108403175,
        "kept_acc_ci": [
          0.6384505764995465,
          0.8297872340425532
        ]
      },
      "approach_A_per_step": {
        "kept_acc": 0.7464537444251303,
        "kept_acc_ci": [
          0.6494708269357315,
          0.8282828282828283
        ],
        "avg_steps_used": 7.1922,
        "kept_frac": 0.9701666666666667
      },
      "approach_B_bonferroni": {
        "kept_acc": 0.7469453833248091,
        "kept_acc_ci": [
          0.6499871134020618,
          0.8283257575757575
        ],
        "avg_steps_used": 7.21745,
        "kept_frac": 0.9795666666666667
      }
    },
    "running_lp_min_alpha_0.3": {
      "trajectory_cp": {
        "kept_acc": 0.8087958548724988,
        "kept_acc_ci": [
          0.7058823529411765,
          0.8983783218246495
        ]
      },
      "approach_A_per_step": {
        "kept_acc": 0.8045431048025784,
        "kept_acc_ci": [
          0.6938383045525902,
          0.9038915094339622
        ],
        "avg_steps_used": 3.626416666666667,
        "kept_frac": 0.5305333333333333
      },
      "approach_B_bonferroni": {
        "kept_acc": 0.7565644085714976,
        "kept_acc_ci": [
          0.6666666666666666,
          0.8385085797736399
        ],
        "avg_steps_used": 6.970866666666668,
        "kept_frac": 0.9475833333333332
      }
    },
    "running_lp_drawdown_alpha_0.3": {
      "trajectory_cp": {
        "kept_acc": 0.8125632515474916,
        "kept_acc_ci": [
          0.7108142246404975,
          0.9000352112676057
        ]
      },
      "approach_A_per_step": {
        "kept_acc": 0.7962267947607903,
        "kept_acc_ci": [
          0.6785426267281106,
          0.9000490196078431
        ],
        "avg_steps_used": 4.130233333333333,
        "kept_frac": 0.5561833333333334
      },