{
  "model": "Qwen/Qwen2.5-Math-7B-Instruct",
  "tag": "qwen25_math_7b",
  "dataset": "aime",
  "n": 200,
  "vanilla_acc": 0.39,
  "gate_frac": 0.5,
  "lp_threshold": -0.13787749211001643,
  "ent_threshold": 0.10540086968174203,
  "results": {
    "gate_lp_min_K4": {
      "acc": 0.39,
      "delta": 0.0,
      "n": 200,
      "flagged_n": 100,
      "avg_compute": 3.0
    },
    "gate_ent_mean_K4": {
      "acc": 0.41,
      "delta": 0.019999999999999962,
      "n": 200,
      "flagged_n": 100,
      "avg_compute": 3.0
    },
    "gate_either_K4": {
      "acc": 0.4,
      "delta": 0.010000000000000009,
      "n": 200,
      "flagged_n": 128,
      "avg_compute": 3.56
    },
    "always_K4_baseline": {
      "acc": 0.4,
      "delta": 0.010000000000000009,
      "n": 200,
      "avg_compute": 5.0
    }
  }
}