{
  "model": "Qwen/Qwen2.5-32B-Instruct",
  "tag": "qwen25_32b",
  "dataset": "math500",
  "n": 200,
  "vanilla_acc": 0.805,
  "results": {
    "K4_select_entropy_min": {
      "acc": 0.79,
      "delta": -0.015000000000000013,
      "n": 200
    },
    "K4_select_lp_max": {
      "acc": 0.79,
      "delta": -0.015000000000000013,
      "n": 200
    },
    "K4_filter_arith_majority": {
      "acc": 0.805,
      "delta": 0.0,
      "n": 200
    },
    "K4_majority_baseline": {
      "acc": 0.81,
      "delta": 0.0050000000000000044,
      "n": 200
    },
    "K4_consensus_3plus": {
      "acc": 0.81,
      "delta": 0.0050000000000000044,
      "n": 200
    }
  }
}