{
  "model": "microsoft/phi-4",
  "tag": "phi4",
  "dataset": "math500",
  "n": 200,
  "vanilla_acc": 0.775,
  "results": {
    "K4_select_entropy_min": {
      "acc": 0.77,
      "delta": -0.0050000000000000044,
      "n": 200
    },
    "K4_select_lp_max": {
      "acc": 0.765,
      "delta": -0.010000000000000009,
      "n": 200
    },
    "K4_filter_arith_majority": {
      "acc": 0.775,
      "delta": 0.0,
      "n": 200
    },
    "K4_majority_baseline": {
      "acc": 0.785,
      "delta": 0.010000000000000009,
      "n": 200
    },
    "K4_consensus_3plus": {
      "acc": 0.785,
      "delta": 0.010000000000000009,
      "n": 200
    }
  }
}