{
  "model": "microsoft/phi-4",
  "tag": "phi4",
  "dataset": "math500",
  "n": 200,
  "vanilla_acc": 0.775,
  "results": {
    "K4_lp_select": {
      "acc": 0.77,
      "delta": -0.0050000000000000044,
      "n": 200
    },
    "K4_majority_baseline": {
      "acc": 0.79,
      "delta": 0.015000000000000013,
      "n": 200
    },
    "K2_K4_escalation": {
      "acc": 0.78,
      "delta": 0.0050000000000000044,
      "n": 200,
      "avg_extra_decode_cost": 2.66,
      "esc_frac": 0.165
    },
    "K4_T1": {
      "acc": 0.785,
      "delta": 0.010000000000000009,
      "n": 200
    },
    "K8_majority": {
      "acc": 0.785,
      "delta": 0.010000000000000009,
      "n": 200
    },
    "K4_majority_entropy_trigger": {
      "acc": 0.785,
      "delta": 0.010000000000000009,
      "n": 200
    },
    "multi_worst_K2": {
      "acc": 0.78,
      "delta": 0.0050000000000000044,
      "n": 200
    }
  }
}