{
  "model": "Qwen/Qwen2.5-7B-Instruct",
  "tag": "qwen25_7b",
  "dataset": "olympiad",
  "n": 200,
  "vanilla_acc": 0.445,
  "threshold": -0.11567369716319974,
  "results": {
    "online_K1_top3_worst": {
      "acc": 0.45,
      "delta": 0.0050000000000000044,
      "n": 200,
      "avg_alts": 1.815
    },
    "online_K2_BoN_top3_worst": {
      "acc": 0.445,
      "delta": 0.0,
      "n": 200
    },
    "K4_majority_baseline": {
      "acc": 0.455,
      "delta": 0.010000000000000009,
      "n": 200
    },
    "prov_anchor_K2": {
      "acc": 0.455,
      "delta": 0.010000000000000009,
      "n": 200
    }
  }
}