{
  "model": "Qwen/Qwen2.5-32B-Instruct",
  "tag": "qwen25_32b",
  "dataset": "olympiad",
  "n": 200,
  "vanilla_acc": 0.46,
  "results": {
    "K4_lp_select": {
      "acc": 0.49,
      "delta": 0.02999999999999997,
      "n": 200
    },
    "K4_majority_baseline": {
      "acc": 0.505,
      "delta": 0.044999999999999984,
      "n": 200
    },
    "K2_K4_escalation": {
      "acc": 0.49,
      "delta": 0.02999999999999997,
      "n": 200,
      "avg_extra_decode_cost": 3.86,
      "esc_frac": 0.465
    },
    "K4_T1": {
      "acc": 0.475,
      "delta": 0.014999999999999958,
      "n": 200
    },
    "K8_majority": {
      "acc": 0.495,
      "delta": 0.034999999999999976,
      "n": 200
    },
    "K4_majority_entropy_trigger": {
      "acc": 0.5,
      "delta": 0.03999999999999998,
      "n": 200
    },
    "multi_worst_K2": {
      "acc": 0.47,
      "delta": 0.009999999999999953,
      "n": 200
    }
  }
}