{
  "model": "Qwen/Qwen2.5-Math-7B-Instruct",
  "tag": "qwen25_math_7b",
  "K": 4,
  "T": 0.7,
  "datasets": {
    "math500": {
      "vanilla_acc": 0.8,
      "n": 200,
      "greedy_time": 24.047672986984253,
      "triggers": {
        "lp_min": {
          "acc": 0.79,
          "delta": -0.010000000000000009,
          "n": 200,
          "wallclock": 23.765326499938965
        },
        "top1_margin_min": {
          "acc": 0.81,
          "delta": 0.010000000000000009,
          "n": 200,
          "wallclock": 24.900145769119263
        },
        "entropy_max": {
          "acc": 0.805,
          "delta": 0.0050000000000000044,
          "n": 200,
          "wallclock": 24.43847370147705
        },
        "tempered_kl_max": {
          "acc": 0.805,
          "delta": 0.0050000000000000044,
          "n": 200,
          "wallclock": 24.022509336471558
        },
        "kl_uniform_min": {
          "acc": 0.805,
          "delta": 0.0050000000000000044,
          "n": 200,
          "wallclock": 24.432433605194092
        }
      }
    },
    "aime": {
      "vanilla_acc": 0.42,
      "n": 200,
      "greedy_time": 40.37972068786621,
      "triggers": {
        "lp_min": {
          "acc": 0.43,
          "delta": 0.010000000000000009,
          "n": 200,
          "wallclock": 36.34396314620972
        },
        "top1_margin_min": {
          "acc": 0.41,
          "delta": -0.010000000000000009,
          "n": 200,
          "wallclock": 36.58015036582947
        },
        "entropy_max": {
          "acc": 0.425,
          "delta": 0.0050000000000000044,
          "n": 200,
          "wallclock": 36.844181537628174
        },
        "tempered_kl_max": {
          "acc": 0.43,
          "delta": 0.010000000000000009,
          "n": 200,
          "wallclock": 35.807178020477295
        },
        "kl_uniform_min": {
          "acc": 0.425,
          "delta": 0.0050000000000000044,
          "n": 200,
          "wallclock": 36.75984787940979
        }
      }
    },
    "olympiad": {
      "vanilla_acc": 0.465,
      "n": 200,
      "greedy_time": 35.235607385635376,
      "triggers": {
        "lp_min": {
          "acc": 0.445,
          "delta": -0.020000000000000018,
          "n": 200,
          "wallclock": 32.57506489753723
        },
        "top1_margin_min": {
          "acc": 0.45,
          "delta": -0.015000000000000013,
          "n": 200,
          "wallclock": 32.8329701423645
        },
        "entropy_max": {
          "acc": 0.44,
          "delta": -0.025000000000000022,
          "n": 200,
          "wallclock": 33.501232385635376
        },
        "tempered_kl_max": {
          "acc": 0.455,
          "delta": -0.010000000000000009,
          "n": 200,
          "wallclock": 32.804579973220825
        },
        "kl_uniform_min": {
          "acc": 0.43,
          "delta": -0.03500000000000003,
          "n": 200,
          "wallclock": 33.60102581977844
        }
      }
    }
  }
}