{
  "model": "microsoft/phi-4",
  "tag": "phi4",
  "K": 4,
  "T": 0.7,
  "datasets": {
    "math500": {
      "vanilla_acc": 0.775,
      "n": 200,
      "greedy_time": 27.948114156723022,
      "triggers": {
        "lp_min": {
          "acc": 0.79,
          "delta": 0.015000000000000013,
          "n": 200,
          "wallclock": 51.24182915687561
        },
        "top1_margin_min": {
          "acc": 0.775,
          "delta": 0.0,
          "n": 200,
          "wallclock": 47.313276290893555
        },
        "entropy_max": {
          "acc": 0.78,
          "delta": 0.0050000000000000044,
          "n": 200,
          "wallclock": 49.46325159072876
        },
        "tempered_kl_max": {
          "acc": 0.78,
          "delta": 0.0050000000000000044,
          "n": 200,
          "wallclock": 50.33217930793762
        },
        "kl_uniform_min": {
          "acc": 0.79,
          "delta": 0.015000000000000013,
          "n": 200,
          "wallclock": 49.2729377746582
        }
      }
    },
    "aime": {
      "vanilla_acc": 0.355,
      "n": 200,
      "greedy_time": 46.21017575263977,
      "triggers": {
        "lp_min": {
          "acc": 0.385,
          "delta": 0.030000000000000027,
          "n": 200,
          "wallclock": 84.39505290985107
        },
        "top1_margin_min": {
          "acc": 0.385,
          "delta": 0.030000000000000027,
          "n": 200,
          "wallclock": 96.5337963104248
        },
        "entropy_max": {
          "acc": 0.385,
          "delta": 0.030000000000000027,
          "n": 200,
          "wallclock": 94.35776877403259
        },
        "tempered_kl_max": {
          "acc": 0.35,
          "delta": -0.0050000000000000044,
          "n": 200,
          "wallclock": 99.11012053489685
        },
        "kl_uniform_min": {
          "acc": 0.4,
          "delta": 0.04500000000000004,
          "n": 200,
          "wallclock": 95.44623851776123
        }
      }
    },
    "olympiad": {
      "vanilla_acc": 0.485,
      "n": 200,
      "greedy_time": 43.016671657562256,
      "triggers": {
        "lp_min": {
          "acc": 0.5,
          "delta": 0.015000000000000013,
          "n": 200,
          "wallclock": 66.94580674171448
        },
        "top1_margin_min": {
          "acc": 0.47,
          "delta": -0.015000000000000013,
          "n": 200,
          "wallclock": 71.34872341156006
        },
        "entropy_max": {
          "acc": 0.495,
          "delta": 0.010000000000000009,
          "n": 200,
          "wallclock": 80.7585825920105
        },
        "tempered_kl_max": {
          "acc": 0.475,
          "delta": -0.010000000000000009,
          "n": 200,
          "wallclock": 81.27989077568054
        },
        "kl_uniform_min": {
          "acc": 0.475,
          "delta": -0.010000000000000009,
          "n": 200,
          "wallclock": 80.78418016433716
        }
      }
    }
  }
}