{
  "model": "Qwen/Qwen2.5-7B-Instruct",
  "tag": "qwen25_7b",
  "dataset": "math500",
  "n": 200,
  "vanilla_acc": 0.745,
  "gate_frac": 0.5,
  "lp_threshold": -0.1369099832760413,
  "ent_threshold": 0.12959790295888046,
  "results": {
    "gate_lp_min_K4": {
      "acc": 0.745,
      "delta": 0.0,
      "n": 200,
      "flagged_n": 100,
      "avg_compute": 3.0
    },
    "gate_ent_mean_K4": {
      "acc": 0.77,
      "delta": 0.025000000000000022,
      "n": 200,
      "flagged_n": 100,
      "avg_compute": 3.0
    },
    "gate_either_K4": {
      "acc": 0.76,
      "delta": 0.015000000000000013,
      "n": 200,
      "flagged_n": 132,
      "avg_compute": 3.64
    },
    "always_K4_baseline": {
      "acc": 0.775,
      "delta": 0.030000000000000027,
      "n": 200,
      "avg_compute": 5.0
    }
  }
}