{
  "model": "Qwen/Qwen2.5-Math-7B-Instruct",
  "tag": "qwen25_math_7b",
  "dataset": "math500",
  "n": 200,
  "vanilla_acc": 0.8,
  "threshold": -0.055859433596009825,
  "results": {
    "online_K1_top3_worst": {
      "acc": 0.805,
      "delta": 0.0050000000000000044,
      "n": 200,
      "avg_alts": 1.545
    },
    "online_K2_BoN_top3_worst": {
      "acc": 0.795,
      "delta": -0.0050000000000000044,
      "n": 200
    },
    "K4_majority_baseline": {
      "acc": 0.805,
      "delta": 0.0050000000000000044,
      "n": 200
    },
    "prov_anchor_K2": {
      "acc": 0.805,
      "delta": 0.0050000000000000044,
      "n": 200
    }
  }
}