{
  "model": "Qwen/Qwen2.5-Math-7B-Instruct",
  "tag": "qwen25_math_7b",
  "dataset": "aime",
  "n": 200,
  "vanilla_acc": 0.39,
  "results": {
    "K4_lp_select": {
      "acc": 0.405,
      "delta": 0.015000000000000013,
      "n": 200
    },
    "K4_majority_baseline": {
      "acc": 0.42,
      "delta": 0.02999999999999997,
      "n": 200
    },
    "K2_K4_escalation": {
      "acc": 0.425,
      "delta": 0.034999999999999976,
      "n": 200,
      "avg_extra_decode_cost": 4.14,
      "esc_frac": 0.535
    },
    "K4_T1": {
      "acc": 0.385,
      "delta": -0.0050000000000000044,
      "n": 200
    },
    "K8_majority": {
      "acc": 0.44,
      "delta": 0.04999999999999999,
      "n": 200
    },
    "K4_majority_entropy_trigger": {
      "acc": 0.41,
      "delta": 0.019999999999999962,
      "n": 200
    },
    "multi_worst_K2": {
      "acc": 0.42,
      "delta": 0.02999999999999997,
      "n": 200
    }
  }
}