{
  "greedy_acc": 0.745,
  "n": 200,
  "K": 4,
  "T": 0.7,
  "model": "Qwen/Qwen2.5-7B-Instruct",
  "triggers": {
    "lp_min": {
      "n": 200,
      "acc": 0.755,
      "delta_vs_greedy": 0.010000000000000009,
      "wallclock_sec": 20.79850959777832,
      "mean_trigger_step_idx": 1.985
    },
    "top1_margin_min": {
      "n": 200,
      "acc": 0.755,
      "delta_vs_greedy": 0.010000000000000009,
      "wallclock_sec": 20.573726892471313,
      "mean_trigger_step_idx": 1.965
    },
    "entropy_max": {
      "n": 200,
      "acc": 0.76,
      "delta_vs_greedy": 0.015000000000000013,
      "wallclock_sec": 21.040786266326904,
      "mean_trigger_step_idx": 1.88
    },
    "tempered_kl_max": {
      "n": 200,
      "acc": 0.74,
      "delta_vs_greedy": -0.0050000000000000044,
      "wallclock_sec": 21.51371955871582,
      "mean_trigger_step_idx": 1.855
    },
    "kl_uniform_min": {
      "n": 200,
      "acc": 0.76,
      "delta_vs_greedy": 0.015000000000000013,
      "wallclock_sec": 21.14977741241455,
      "mean_trigger_step_idx": 1.88
    }
  }
}