{
  "model": "Qwen/Qwen2.5-32B-Instruct",
  "tag": "qwen25_32b",
  "dataset": "olympiad",
  "n": 200,
  "vanilla_acc": 0.455,
  "results": {
    "K4_select_entropy_min": {
      "acc": 0.47,
      "delta": 0.014999999999999958,
      "n": 200
    },
    "K4_select_lp_max": {
      "acc": 0.465,
      "delta": 0.010000000000000009,
      "n": 200
    },
    "K4_filter_arith_majority": {
      "acc": 0.48,
      "delta": 0.024999999999999967,
      "n": 200
    },
    "K4_majority_baseline": {
      "acc": 0.485,
      "delta": 0.02999999999999997,
      "n": 200
    },
    "K4_consensus_3plus": {
      "acc": 0.48,
      "delta": 0.024999999999999967,
      "n": 200
    }
  }
}