{
  "model": "Qwen/Qwen2.5-Math-7B-Instruct",
  "tag": "qwen25_math_7b",
  "dataset": "math500",
  "n": 200,
  "vanilla_acc": 0.8,
  "results": {
    "K4_select_entropy_min": {
      "acc": 0.765,
      "delta": -0.03500000000000003,
      "n": 200
    },
    "K4_select_lp_max": {
      "acc": 0.765,
      "delta": -0.03500000000000003,
      "n": 200
    },
    "K4_filter_arith_majority": {
      "acc": 0.785,
      "delta": -0.015000000000000013,
      "n": 200
    },
    "K4_majority_baseline": {
      "acc": 0.79,
      "delta": -0.010000000000000009,
      "n": 200
    },
    "K4_consensus_3plus": {
      "acc": 0.8,
      "delta": 0.0,
      "n": 200
    }
  }
}