{
  "model": "Qwen/Qwen2.5-7B-Instruct",
  "tag": "qwen25_7b",
  "dataset": "math500",
  "n": 200,
  "vanilla_acc": 0.745,
  "results": {
    "K4_lp_select": {
      "acc": 0.71,
      "delta": -0.03500000000000003,
      "n": 200
    },
    "K4_majority_baseline": {
      "acc": 0.755,
      "delta": 0.010000000000000009,
      "n": 200
    },
    "K2_K4_escalation": {
      "acc": 0.765,
      "delta": 0.020000000000000018,
      "n": 200,
      "avg_extra_decode_cost": 3.02,
      "esc_frac": 0.255
    },
    "K4_T1": {
      "acc": 0.76,
      "delta": 0.015000000000000013,
      "n": 200
    },
    "K8_majority": {
      "acc": 0.775,
      "delta": 0.030000000000000027,
      "n": 200
    },
    "K4_majority_entropy_trigger": {
      "acc": 0.75,
      "delta": 0.0050000000000000044,
      "n": 200
    },
    "multi_worst_K2": {
      "acc": 0.75,
      "delta": 0.0050000000000000044,
      "n": 200
    }
  }
}