{
  "model": "Qwen/Qwen2.5-Math-7B-Instruct",
  "tag": "qwen25_math_7b",
  "dataset": "aime",
  "n": 200,
  "vanilla_acc": 0.39,
  "results": {
    "K4_select_entropy_min": {
      "acc": 0.41,
      "delta": 0.019999999999999962,
      "n": 200
    },
    "K4_select_lp_max": {
      "acc": 0.41,
      "delta": 0.019999999999999962,
      "n": 200
    },
    "K4_filter_arith_majority": {
      "acc": 0.39,
      "delta": 0.0,
      "n": 200
    },
    "K4_majority_baseline": {
      "acc": 0.415,
      "delta": 0.024999999999999967,
      "n": 200
    },
    "K4_consensus_3plus": {
      "acc": 0.405,
      "delta": 0.015000000000000013,
      "n": 200
    }
  }
}