{
  "model": "Qwen/Qwen2.5-32B-Instruct",
  "tag": "qwen25_32b",
  "dataset": "olympiad",
  "n": 200,
  "vanilla_acc": 0.455,
  "gate_frac": 0.5,
  "results": {
    "gate_ent_K4": {
      "acc": 0.49,
      "delta": 0.034999999999999976,
      "n": 200,
      "flagged_n": 100,
      "avg_compute": 3.0
    },
    "gate_lp_K4": {
      "acc": 0.48,
      "delta": 0.024999999999999967,
      "n": 200,
      "flagged_n": 100,
      "avg_compute": 3.0
    },
    "gate_ent_K8": {
      "acc": 0.485,
      "delta": 0.02999999999999997,
      "n": 200,
      "flagged_n": 100,
      "avg_compute": 5.0
    },
    "gate_lp_K8": {
      "acc": 0.465,
      "delta": 0.010000000000000009,
      "n": 200,
      "flagged_n": 100,
      "avg_compute": 5.0
    },
    "always_K4": {
      "acc": 0.485,
      "delta": 0.02999999999999997,
      "n": 200,
      "flagged_n": 200,
      "avg_compute": 5.0
    }
  }
}