{
  "model": "microsoft/phi-4",
  "tag": "phi4",
  "dataset": "aime",
  "n": 200,
  "vanilla_acc": 0.345,
  "results": {
    "K4_select_entropy_min": {
      "acc": 0.325,
      "delta": -0.019999999999999962,
      "n": 200
    },
    "K4_select_lp_max": {
      "acc": 0.315,
      "delta": -0.02999999999999997,
      "n": 200
    },
    "K4_filter_arith_majority": {
      "acc": 0.34,
      "delta": -0.004999999999999949,
      "n": 200
    },
    "K4_majority_baseline": {
      "acc": 0.355,
      "delta": 0.010000000000000009,
      "n": 200
    },
    "K4_consensus_3plus": {
      "acc": 0.36,
      "delta": 0.015000000000000013,
      "n": 200
    }
  }
}