{
  "model": "Qwen/Qwen2.5-32B-Instruct",
  "tag": "qwen25_32b",
  "dataset": "math500",
  "n": 200,
  "vanilla_acc": 0.805,
  "results": {
    "K4_lp_select": {
      "acc": 0.765,
      "delta": -0.040000000000000036,
      "n": 200
    },
    "K4_majority_baseline": {
      "acc": 0.805,
      "delta": 0.0,
      "n": 200
    },
    "K2_K4_escalation": {
      "acc": 0.82,
      "delta": 0.014999999999999902,
      "n": 200,
      "avg_extra_decode_cost": 2.78,
      "esc_frac": 0.195
    },
    "K4_T1": {
      "acc": 0.805,
      "delta": 0.0,
      "n": 200
    },
    "K8_majority": {
      "acc": 0.815,
      "delta": 0.009999999999999898,
      "n": 200
    },
    "K4_majority_entropy_trigger": {
      "acc": 0.81,
      "delta": 0.0050000000000000044,
      "n": 200
    },
    "multi_worst_K2": {
      "acc": 0.79,
      "delta": -0.015000000000000013,
      "n": 200
    }
  }
}