{
  "model": "Qwen/Qwen2.5-Math-7B-Instruct",
  "tag": "qwen25_math_7b",
  "dataset": "olympiad",
  "n": 200,
  "vanilla_acc": 0.45,
  "results": {
    "K4_lp_select": {
      "acc": 0.43,
      "delta": -0.020000000000000018,
      "n": 200
    },
    "K4_majority_baseline": {
      "acc": 0.455,
      "delta": 0.0050000000000000044,
      "n": 200
    },
    "K2_K4_escalation": {
      "acc": 0.435,
      "delta": -0.015000000000000013,
      "n": 200,
      "avg_extra_decode_cost": 4.24,
      "esc_frac": 0.56
    },
    "K4_T1": {
      "acc": 0.425,
      "delta": -0.025000000000000022,
      "n": 200
    },
    "K8_majority": {
      "acc": 0.47,
      "delta": 0.019999999999999962,
      "n": 200
    },
    "K4_majority_entropy_trigger": {
      "acc": 0.455,
      "delta": 0.0050000000000000044,
      "n": 200
    },
    "multi_worst_K2": {
      "acc": 0.44,
      "delta": -0.010000000000000009,
      "n": 200
    }
  }
}