{
  "model": "Qwen/Qwen2.5-Math-7B-Instruct",
  "tag": "qwen25_math_7b",
  "dataset": "math500",
  "n": 200,
  "vanilla_acc": 0.8,
  "gate_frac": 0.5,
  "lp_threshold": -0.08162915516951763,
  "ent_threshold": 0.06131785354680344,
  "results": {
    "gate_lp_min_K4": {
      "acc": 0.785,
      "delta": -0.015000000000000013,
      "n": 200,
      "flagged_n": 100,
      "avg_compute": 3.0
    },
    "gate_ent_mean_K4": {
      "acc": 0.795,
      "delta": -0.0050000000000000044,
      "n": 200,
      "flagged_n": 100,
      "avg_compute": 3.0
    },
    "gate_either_K4": {
      "acc": 0.795,
      "delta": -0.0050000000000000044,
      "n": 200,
      "flagged_n": 135,
      "avg_compute": 3.7
    },
    "always_K4_baseline": {
      "acc": 0.805,
      "delta": 0.0050000000000000044,
      "n": 200,
      "avg_compute": 5.0
    }
  }
}