{
  "model": "Qwen/Qwen2.5-7B-Instruct",
  "tag": "qwen25_7b",
  "dataset": "math500",
  "n": 200,
  "vanilla_acc": 0.73,
  "gate_frac": 0.5,
  "results": {
    "gate_ent_K4": {
      "acc": 0.75,
      "delta": 0.020000000000000018,
      "n": 200,
      "flagged_n": 100,
      "avg_compute": 3.0
    },
    "gate_lp_K4": {
      "acc": 0.75,
      "delta": 0.020000000000000018,
      "n": 200,
      "flagged_n": 100,
      "avg_compute": 3.0
    },
    "gate_ent_K8": {
      "acc": 0.755,
      "delta": 0.025000000000000022,
      "n": 200,
      "flagged_n": 100,
      "avg_compute": 5.0
    },
    "gate_lp_K8": {
      "acc": 0.75,
      "delta": 0.020000000000000018,
      "n": 200,
      "flagged_n": 100,
      "avg_compute": 5.0
    },
    "always_K4": {
      "acc": 0.75,
      "delta": 0.020000000000000018,
      "n": 200,
      "flagged_n": 200,
      "avg_compute": 5.0
    }
  }
}