{
  "model": "Qwen/Qwen2.5-Math-7B-Instruct",
  "tag": "qwen25_math_7b",
  "dataset": "olympiad",
  "n": 200,
  "vanilla_acc": 0.45,
  "results": {
    "K4_select_entropy_min": {
      "acc": 0.44,
      "delta": -0.010000000000000009,
      "n": 200
    },
    "K4_select_lp_max": {
      "acc": 0.445,
      "delta": -0.0050000000000000044,
      "n": 200
    },
    "K4_filter_arith_majority": {
      "acc": 0.455,
      "delta": 0.0050000000000000044,
      "n": 200
    },
    "K4_majority_baseline": {
      "acc": 0.45,
      "delta": 0.0,
      "n": 200
    },
    "K4_consensus_3plus": {
      "acc": 0.445,
      "delta": -0.0050000000000000044,
      "n": 200
    }
  }
}