{
  "model": "microsoft/phi-4",
  "tag": "phi4",
  "dataset": "olympiad",
  "n": 200,
  "vanilla_acc": 0.485,
  "results": {
    "K4_lp_select": {
      "acc": 0.43,
      "delta": -0.05499999999999999,
      "n": 200
    },
    "K4_majority_baseline": {
      "acc": 0.49,
      "delta": 0.0050000000000000044,
      "n": 200
    },
    "K2_K4_escalation": {
      "acc": 0.47,
      "delta": -0.015000000000000013,
      "n": 200,
      "avg_extra_decode_cost": 3.84,
      "esc_frac": 0.46
    },
    "K4_T1": {
      "acc": 0.49,
      "delta": 0.0050000000000000044,
      "n": 200
    },
    "K8_majority": {
      "acc": 0.515,
      "delta": 0.030000000000000027,
      "n": 200
    },
    "K4_majority_entropy_trigger": {
      "acc": 0.49,
      "delta": 0.0050000000000000044,
      "n": 200
    },
    "multi_worst_K2": {
      "acc": 0.475,
      "delta": -0.010000000000000009,
      "n": 200
    }
  }
}