{
  "model": "microsoft/phi-4",
  "tag": "phi4",
  "dataset": "olympiad",
  "n": 200,
  "vanilla_acc": 0.485,
  "results": {
    "K4_select_entropy_min": {
      "acc": 0.425,
      "delta": -0.06,
      "n": 200
    },
    "K4_select_lp_max": {
      "acc": 0.435,
      "delta": -0.04999999999999999,
      "n": 200
    },
    "K4_filter_arith_majority": {
      "acc": 0.485,
      "delta": 0.0,
      "n": 200
    },
    "K4_majority_baseline": {
      "acc": 0.495,
      "delta": 0.010000000000000009,
      "n": 200
    },
    "K4_consensus_3plus": {
      "acc": 0.49,
      "delta": 0.0050000000000000044,
      "n": 200
    }
  }
}