{
  "model": "Qwen/Qwen2.5-7B-Instruct",
  "tag": "qwen25_7b",
  "dataset": "olympiad",
  "n": 200,
  "vanilla_acc": 0.445,
  "results": {
    "self_correct_insertion": {
      "acc": 0.445,
      "delta": 0.0,
      "n": 200
    },
    "step_excise": {
      "acc": 0.3881578947368421,
      "delta": -0.056842105263157916,
      "n": 152
    },
    "backtrack_2step": {
      "acc": 0.4512820512820513,
      "delta": 0.006282051282051282,
      "n": 195
    },
    "K4_majority": {
      "acc": 0.46,
      "delta": 0.015000000000000013,
      "n": 200
    }
  }
}