{
  "model": "Qwen/Qwen2.5-Math-7B-Instruct",
  "tag": "qwen25_math_7b",
  "dataset": "olympiad",
  "n": 200,
  "vanilla_acc": 0.45,
  "gate_frac": 0.5,
  "results": {
    "gate_ent_K4": {
      "acc": 0.465,
      "delta": 0.015000000000000013,
      "n": 200,
      "flagged_n": 100,
      "avg_compute": 3.0
    },
    "gate_lp_K4": {
      "acc": 0.455,
      "delta": 0.0050000000000000044,
      "n": 200,
      "flagged_n": 100,
      "avg_compute": 3.0
    },
    "gate_ent_K8": {
      "acc": 0.46,
      "delta": 0.010000000000000009,
      "n": 200,
      "flagged_n": 100,
      "avg_compute": 5.0
    },
    "gate_lp_K8": {
      "acc": 0.465,
      "delta": 0.015000000000000013,
      "n": 200,
      "flagged_n": 100,
      "avg_compute": 5.0
    },
    "always_K4": {
      "acc": 0.44,
      "delta": -0.010000000000000009,
      "n": 200,
      "flagged_n": 200,
      "avg_compute": 5.0
    }
  }
}