{
  "model": "Qwen/Qwen2.5-7B-Instruct",
  "tag": "qwen25_7b_aime_redo",
  "datasets": {
    "aime": {
      "vanilla_acc": 0.29,
      "n": 200,
      "gen_time_sec": 34.3852322101593,
      "lp_mean_min": {
        "rho": 0.35174928421967183,
        "p": 3.264990439054684e-07,
        "kept_acc_alpha_0.30": {
          "kept_acc": 0.4433293969394625,
          "ci95": [
            0.33501207881002343,
            0.5749510248738189
          ]
        },
        "kept_acc_alpha_0.50": {
          "kept_acc": 0.4855130195150817,
          "ci95": [
            0.3554529837162326,
            0.629169575705429
          ]
        }
      },
      "top1_margin_mean": {
        "rho": 0.38553095720224473,
        "p": 1.7252319231800823e-08,
        "kept_acc_alpha_0.30": {
          "kept_acc": 0.483929498213959,
          "ci95": [
            0.35324083724214045,
            0.6135437985966331
          ]
        },
        "kept_acc_alpha_0.50": {
          "kept_acc": 0.551030586552993,
          "ci95": [
            0.39675382528507525,
            0.7130361439498267
          ]
        }
      },
      "top1_margin_min": {
        "rho": 0.32102132178919585,
        "p": 3.574006741343069e-06,
        "kept_acc_alpha_0.30": {
          "kept_acc": 0.4098959017427738,
          "ci95": [
            0.30334660560984716,
            0.5276640396673574
          ]
        },
        "kept_acc_alpha_0.50": {
          "kept_acc": 0.44020242636754403,
          "ci95": [
            0.3009950664068887,
            0.6403769606629981
          ]
        }
      },
      "entropy_max": {
        "rho": -0.3696898337132416,
        "p": 7.14361174239626e-08,
        "kept_acc_alpha_0.30": {
          "kept_acc": 0.4415601379089269,
          "ci95": [
            0.3322775646037034,
            0.5519180268347493
          ]
        },
        "kept_acc_alpha_0.50": {
          "kept_acc": 0.4883339431833653,
          "ci95": [
            0.35021726489377775,
            0.6469778364849832
          ]
        }
      },
      "entropy_mean": {
        "rho": -0.3744612564508931,
        "p": 4.6936082631352045e-08,
        "kept_acc_alpha_0.30": {
          "kept_acc": 0.4862237078625342,
          "ci95": [
            0.36379100254372654,
            0.613376638398531
          ]
        },
        "kept_acc_alpha_0.50": {
          "kept_acc": 0.5257478265552847,
          "ci95": [
            0.3850578113923702,
            0.6709010613397606
          ]
        }
      },
      "tempered_kl_max": {
        "rho": -0.3479321460295506,
        "p": 4.457933413566883e-07,
        "kept_acc_alpha_0.30": {
          "kept_acc": 0.4253044731056651,
          "ci95": [
            0.31797586131052363,
            0.5631947202011598
          ]
        },
        "kept_acc_alpha_0.50": {
          "kept_acc": 0.5003073718260477,
          "ci95": [
            0.35137478225034446,
            0.6825673512619801
          ]
        }
      },
      "tempered_kl_mean": {
        "rho": -0.38476752956422045,
        "p": 1.8507387360407826e-08,
        "kept_acc_alpha_0.30": {
          "kept_acc": 0.4809408281680584,
          "ci95": [
            0.33840683521448284,
            0.619811043036966
          ]
        },
        "kept_acc_alpha_0.50": {
          "kept_acc": 0.5522957572770619,
          "ci95": [
            0.39744953414953416,
            0.71656426102633
          ]
        }
      },
      "kl_uniform_min": {
        "rho": 0.3696898337132416,
        "p": 7.14361174239626e-08,
        "kept_acc_alpha_0.30": {
          "kept_acc": 0.4415601379089269,
          "ci95": [
            0.3322775646037034,
            0.5519180268347493
          ]
        },
        "kept_acc_alpha_0.50": {
          "kept_acc": 0.4883339431833653,
          "ci95": [
            0.35021726489377775,
            0.6469778364849832
          ]
        }
      },
      "kl_uniform_mean": {
        "rho": 0.3744612564508931,
        "p": 4.6936082631352045e-08,
        "kept_acc_alpha_0.30": {
          "kept_acc": 0.4862237078625342,
          "ci95": [
            0.36379100254372654,
            0.613376638398531
          ]
        },
        "kept_acc_alpha_0.50": {
          "kept_acc": 0.5257478265552847,
          "ci95": [
            0.3850578113923702,
            0.6709010613397606
          ]
        }
      }
    }
  }
}