{
  "model": "Qwen/Qwen2.5-Math-7B-Instruct",
  "tag": "qwen25_math_7b",
  "datasets": {
    "math500": {
      "vanilla_acc": 0.8,
      "n": 200,
      "gen_time_sec": 20.92297387123108,
      "lp_mean_min": {
        "rho": 0.228850073593837,
        "p": 0.0011160532766033464,
        "kept_acc_alpha_0.30": {
          "kept_acc": 0.8585661667477562,
          "ci95": [
            0.7936236987432428,
            0.9211279012969246
          ]
        },
        "kept_acc_alpha_0.50": {
          "kept_acc": 0.8602583459039689,
          "ci95": [
            0.7725435879235724,
            0.9270468133835402
          ]
        }
      },
      "top1_margin_mean": {
        "rho": 0.3115565334924611,
        "p": 7.097709170379499e-06,
        "kept_acc_alpha_0.30": {
          "kept_acc": 0.8896778089482088,
          "ci95": [
            0.8257982884630402,
            0.9433290044805879
          ]
        },
        "kept_acc_alpha_0.50": {
          "kept_acc": 0.8948299671281332,
          "ci95": [
            0.8266731997854675,
            0.9569533596551012
          ]
        }
      },
      "top1_margin_min": {
        "rho": 0.24032505363212775,
        "p": 0.0006085343707920605,
        "kept_acc_alpha_0.30": {
          "kept_acc": 0.8611592891102964,
          "ci95": [
            0.7925214251544167,
            0.9174640140203908
          ]
        },
        "kept_acc_alpha_0.50": {
          "kept_acc": 0.8567867476723893,
          "ci95": [
            0.7706963687199918,
            0.9242342555759435
          ]
        }
      },
      "entropy_max": {
        "rho": -0.21672556638356746,
        "p": 0.002052896822049384,
        "kept_acc_alpha_0.30": {
          "kept_acc": 0.8588440375344096,
          "ci95": [
            0.7887475394515345,
            0.9199930232185128
          ]
        },
        "kept_acc_alpha_0.50": {
          "kept_acc": 0.8614964696565672,
          "ci95": [
            0.7736853720160903,
            0.9252929149693188
          ]
        }
      },
      "entropy_mean": {
        "rho": -0.271069339772454,
        "p": 0.00010342560992725842,
        "kept_acc_alpha_0.30": {
          "kept_acc": 0.876780475693995,
          "ci95": [
            0.807493010942332,
            0.9329672505165414
          ]
        },
        "kept_acc_alpha_0.50": {
          "kept_acc": 0.8649893144589197,
          "ci95": [
            0.7862009255729379,
            0.9297265689328733
          ]
        }
      },
      "tempered_kl_max": {
        "rho": -0.2762655571482838,
        "p": 7.500031508462113e-05,
        "kept_acc_alpha_0.30": {
          "kept_acc": 0.871364122341883,
          "ci95": [
            0.8063109649842095,
            0.9308405004808354
          ]
        },
        "kept_acc_alpha_0.50": {
          "kept_acc": 0.886462852024415,
          "ci95": [
            0.8125579720745328,
            0.948343295959775
          ]
        }
      },
      "tempered_kl_mean": {
        "rho": -0.30506126177267384,
        "p": 1.1214157287007444e-05,
        "kept_acc_alpha_0.30": {
          "kept_acc": 0.8868022555293467,
          "ci95": [
            0.8258431069605193,
            0.942070025780399
          ]
        },
        "kept_acc_alpha_0.50": {
          "kept_acc": 0.8886576167683522,
          "ci95": [
            0.8232577177018854,
            0.9525663638880218
          ]
        }
      },
      "kl_uniform_min": {
        "rho": 0.21672556638356746,
        "p": 0.002052896822049384,
        "kept_acc_alpha_0.30": {
          "kept_acc": 0.8588440375344096,
          "ci95": [
            0.7887475394515345,
            0.9199930232185128
          ]
        },
        "kept_acc_alpha_0.50": {
          "kept_acc": 0.8614964696565672,
          "ci95": [
            0.7736853720160903,
            0.9252929149693188
          ]
        }
      },
      "kl_uniform_mean": {
        "rho": 0.271069339772454,
        "p": 0.00010342560992725842,
        "kept_acc_alpha_0.30": {
          "kept_acc": 0.876780475693995,
          "ci95": [
            0.807493010942332,
            0.9329672505165414
          ]
        },
        "kept_acc_alpha_0.50": {
          "kept_acc": 0.8649893144589197,
          "ci95": [
            0.7862009255729379,
            0.9297265689328733
          ]
        }
      }
    },
    "aime": {
      "vanilla_acc": 0.16666666666666666,
      "n": 30,
      "gen_time_sec": 13.533469200134277,
      "lp_mean_min": {
        "rho": 0.22217450977101558,
        "p": 0.23799584959021092,
        "kept_acc_alpha_0.30": {
          "kept_acc": 0.1823044576950827,
          "ci95": [
            0.0,
            0.5
          ]
        },
        "kept_acc_alpha_0.50": {
          "kept_acc": 0.20712038837038835,
          "ci95": [
            0.0,
            0.6699999999999988
          ]
        }
      },
      "top1_margin_mean": {
        "rho": 0.4185147742198201,
        "p": 0.021352389155142284,
        "kept_acc_alpha_0.30": {
          "kept_acc": 0.33287101728557417,
          "ci95": [
            0.0,
            1.0
          ]
        },
        "kept_acc_alpha_0.50": {
          "kept_acc": 0.49631900023691067,
          "ci95": [
            0.0,
            1.0
          ]
        }
      },
      "top1_margin_min": {
        "rho": 0.10850383035328669,
        "p": 0.5681781962078988,
        "kept_acc_alpha_0.30": {
          "kept_acc": 0.15443418036010628,
          "ci95": [
            0.0,
            0.5
          ]
        },
        "kept_acc_alpha_0.50": {
          "kept_acc": 0.19697025813692481,
          "ci95": [
            0.0,
            0.8937499999999989
          ]
        }
      },
      "entropy_max": {
        "rho": -0.18083971725547782,
        "p": 0.33890640892215074,
        "kept_acc_alpha_0.30": {
          "kept_acc": 0.17018206330706329,
          "ci95": [
            0.0,
            0.5
          ]
        },
        "kept_acc_alpha_0.50": {
          "kept_acc": 0.22677632489276323,
          "ci95": [
            0.0,
            1.0
          ]
        }
      },
      "entropy_mean": {
        "rho": -0.5735202461530868,
        "p": 0.0009222538009951167,
        "kept_acc_alpha_0.30": {
          "kept_acc": 0.6476869971732985,
          "ci95": [
            0.0,
            1.0
          ]
        },
        "kept_acc_alpha_0.50": {
          "kept_acc": 0.6615079365079365,
          "ci95": [
            0.0,
            1.0
          ]
        }
      },
      "tempered_kl_max": {
        "rho": -0.28417669854432226,
        "p": 0.1280249799966605,
        "kept_acc_alpha_0.30": {
          "kept_acc": 0.2081857263107263,
          "ci95": [
            0.0,
            0.6181249999999994
          ]
        },
        "kept_acc_alpha_0.50": {
          "kept_acc": 0.2644377805836139,
          "ci95": [
            0.0,
            1.0
          ]
        }
      },
      "tempered_kl_mean": {
        "rho": -0.3358451891887445,
        "p": 0.06960864741727334,
        "kept_acc_alpha_0.30": {
          "kept_acc": 0.2755279356060606,
          "ci95": [
            0.0,
            0.7504166666666665
          ]
        },
        "kept_acc_alpha_0.50": {
          "kept_acc": 0.362401738473167,
          "ci95": [
            0.0,
            1.0
          ]
        }
      },
      "kl_uniform_min": {
        "rho": 0.18083971725547782,
        "p": 0.33890640892215074,
        "kept_acc_alpha_0.30": {
          "kept_acc": 0.17018206330706329,
          "ci95": [
            0.0,
            0.5
          ]
        },
        "kept_acc_alpha_0.50": {
          "kept_acc": 0.22677632489276323,
          "ci95": [
            0.0,
            1.0
          ]
        }
      },
      "kl_uniform_mean": {
        "rho": 0.5735202461530868,
        "p": 0.0009222538009951167,
        "kept_acc_alpha_0.30": {
          "kept_acc": 0.6476869971732985,