{
  "model": "Qwen/Qwen2.5-Math-7B-Instruct",
  "tag": "qwen25_math_7b_aime_redo",
  "datasets": {
    "aime": {
      "vanilla_acc": 0.415,
      "n": 200,
      "gen_time_sec": 38.273550033569336,
      "lp_mean_min": {
        "rho": 0.3173449355000656,
        "p": 4.678428256113641e-06,
        "kept_acc_alpha_0.30": {
          "kept_acc": 0.5311085019166939,
          "ci95": [
            0.42946290780056573,
            0.6313495649449952
          ]
        },
        "kept_acc_alpha_0.50": {
          "kept_acc": 0.5246628167026101,
          "ci95": [
            0.39265413025967066,
            0.6489025610229878
          ]
        }
      },
      "top1_margin_mean": {
        "rho": 0.3758749069880311,
        "p": 4.139006491611787e-08,
        "kept_acc_alpha_0.30": {
          "kept_acc": 0.5633687054330336,
          "ci95": [
            0.442297352844931,
            0.6889635593947215
          ]
        },
        "kept_acc_alpha_0.50": {
          "kept_acc": 0.6148283147771924,
          "ci95": [
            0.49459564566155223,
            0.7591452458952458
          ]
        }
      },
      "top1_margin_min": {
        "rho": 0.323496734305107,
        "p": 2.9753741733299512e-06,
        "kept_acc_alpha_0.30": {
          "kept_acc": 0.5579781372013949,
          "ci95": [
            0.45666389277727953,
            0.6647751010866109
          ]
        },
        "kept_acc_alpha_0.50": {
          "kept_acc": 0.5518977170255309,
          "ci95": [
            0.42374651699328886,
            0.7007562541605424
          ]
        }
      },
      "entropy_max": {
        "rho": -0.3266605165476998,
        "p": 2.3483357811419887e-06,
        "kept_acc_alpha_0.30": {
          "kept_acc": 0.551108192725909,
          "ci95": [
            0.4410033848253163,
            0.6550053638266454
          ]
        },
        "kept_acc_alpha_0.50": {
          "kept_acc": 0.5395340565533759,
          "ci95": [
            0.4258011646302746,
            0.6704955102160984
          ]
        }
      },
      "entropy_mean": {
        "rho": -0.508402229816638,
        "p": 1.5254877776649547e-14,
        "kept_acc_alpha_0.30": {
          "kept_acc": 0.6770698328109728,
          "ci95": [
            0.5357800449554295,
            0.8097484128371446
          ]
        },
        "kept_acc_alpha_0.50": {
          "kept_acc": 0.7205960086138242,
          "ci95": [
            0.5834544797883716,
            0.8668255022037349
          ]
        }
      },
      "tempered_kl_max": {
        "rho": -0.34124906799965515,
        "p": 7.614941065476086e-07,
        "kept_acc_alpha_0.30": {
          "kept_acc": 0.558636600841252,
          "ci95": [
            0.4402418407057419,
            0.6714988160181471
          ]
        },
        "kept_acc_alpha_0.50": {
          "kept_acc": 0.5571286369323356,
          "ci95": [
            0.4341313411575252,
            0.703473484075822
          ]
        }
      },
      "tempered_kl_mean": {
        "rho": -0.33404267511374947,
        "p": 1.337844027652759e-06,
        "kept_acc_alpha_0.30": {
          "kept_acc": 0.5374826586160733,
          "ci95": [
            0.42020349260042505,
            0.6538549535655108
          ]
        },
        "kept_acc_alpha_0.50": {
          "kept_acc": 0.5846433345858256,
          "ci95": [
            0.44284585497563467,
            0.7449189344787532
          ]
        }
      },
      "kl_uniform_min": {
        "rho": 0.3266605165476998,
        "p": 2.3483357811419887e-06,
        "kept_acc_alpha_0.30": {
          "kept_acc": 0.551108192725909,
          "ci95": [
            0.4410033848253163,
            0.6550053638266454
          ]
        },
        "kept_acc_alpha_0.50": {
          "kept_acc": 0.5395340565533759,
          "ci95": [
            0.4258011646302746,
            0.6704955102160984
          ]
        }
      },
      "kl_uniform_mean": {
        "rho": 0.508402229816638,
        "p": 1.5254877776649547e-14,
        "kept_acc_alpha_0.30": {
          "kept_acc": 0.6770698328109728,
          "ci95": [
            0.5357800449554295,
            0.8097484128371446
          ]
        },
        "kept_acc_alpha_0.50": {
          "kept_acc": 0.7205960086138242,
          "ci95": [
            0.5834544797883716,
            0.8668255022037349
          ]
        }
      }
    }
  }
}