{
  "model": "Qwen/Qwen2.5-7B-Instruct",
  "tag": "qwen25_7b",
  "datasets": {
    "math500": {
      "vanilla_acc": 0.745,
      "n": 200,
      "gen_time_sec": 22.014477729797363,
      "lp_mean_min": {
        "rho": 0.18826390059689466,
        "p": 0.007592353823216032,
        "kept_acc_alpha_0.30": {
          "kept_acc": 0.8091580275427291,
          "ci95": [
            0.7387644105446892,
            0.8690110055063617
          ]
        },
        "kept_acc_alpha_0.50": {
          "kept_acc": 0.8124200166938297,
          "ci95": [
            0.7337798039568595,
            0.8890880151364211
          ]
        }
      },
      "top1_margin_mean": {
        "rho": 0.2613838113300422,
        "p": 0.00018507738665038612,
        "kept_acc_alpha_0.30": {
          "kept_acc": 0.8313589814017052,
          "ci95": [
            0.7570635184627653,
            0.8940661828901848
          ]
        },
        "kept_acc_alpha_0.50": {
          "kept_acc": 0.8444174579314984,
          "ci95": [
            0.7653544158633353,
            0.9179223127826048
          ]
        }
      },
      "top1_margin_min": {
        "rho": 0.19859606189614376,
        "p": 0.004815801526613504,
        "kept_acc_alpha_0.30": {
          "kept_acc": 0.8168849224971857,
          "ci95": [
            0.7495450396115539,
            0.8804013052027725
          ]
        },
        "kept_acc_alpha_0.50": {
          "kept_acc": 0.8303190372517709,
          "ci95": [
            0.7458595854228702,
            0.9046253356122471
          ]
        }
      },
      "entropy_max": {
        "rho": -0.2017751884497589,
        "p": 0.0041677873313511115,
        "kept_acc_alpha_0.30": {
          "kept_acc": 0.8115520497312653,
          "ci95": [
            0.744375712500959,
            0.8752274543029885
          ]
        },
        "kept_acc_alpha_0.50": {
          "kept_acc": 0.8352580716038799,
          "ci95": [
            0.7523199193740555,
            0.9114042611615557
          ]
        }
      },
      "entropy_mean": {
        "rho": -0.19521823993292772,
        "p": 0.0056021552362207575,
        "kept_acc_alpha_0.30": {
          "kept_acc": 0.7964567947216016,
          "ci95": [
            0.7152173236103031,
            0.8627305709471719
          ]
        },
        "kept_acc_alpha_0.50": {
          "kept_acc": 0.8293331016115378,
          "ci95": [
            0.7437038870733733,
            0.9033666214796255
          ]
        }
      },
      "tempered_kl_max": {
        "rho": -0.204954315003374,
        "p": 0.0035993606133578435,
        "kept_acc_alpha_0.30": {
          "kept_acc": 0.8198141488345431,
          "ci95": [
            0.7463863415857349,
            0.8868173244454912
          ]
        },
        "kept_acc_alpha_0.50": {
          "kept_acc": 0.8484359550363514,
          "ci95": [
            0.768120027236731,
            0.9249086498414058
          ]
        }
      },
      "tempered_kl_mean": {
        "rho": -0.21012039565299853,
        "p": 0.0028234200195593378,
        "kept_acc_alpha_0.30": {
          "kept_acc": 0.8022145584100614,
          "ci95": [
            0.7196004716077876,
            0.8692567425575286
          ]
        },
        "kept_acc_alpha_0.50": {
          "kept_acc": 0.8326131933817371,
          "ci95": [
            0.7425523256899977,
            0.9116576802154385
          ]
        }
      },
      "kl_uniform_min": {
        "rho": 0.2017751884497589,
        "p": 0.0041677873313511115,
        "kept_acc_alpha_0.30": {
          "kept_acc": 0.8115520497312653,
          "ci95": [
            0.744375712500959,
            0.8752274543029885
          ]
        },
        "kept_acc_alpha_0.50": {
          "kept_acc": 0.8352580716038799,
          "ci95": [
            0.7523199193740555,
            0.9114042611615557
          ]
        }
      },
      "kl_uniform_mean": {
        "rho": 0.19521823993292772,
        "p": 0.0056021552362207575,
        "kept_acc_alpha_0.30": {
          "kept_acc": 0.7964567947216016,
          "ci95": [
            0.7152173236103031,
            0.8627305709471719
          ]
        },
        "kept_acc_alpha_0.50": {
          "kept_acc": 0.8293331016115378,
          "ci95": [
            0.7437038870733733,
            0.9033666214796255
          ]
        }
      }
    },
    "aime": {
      "vanilla_acc": 0.13333333333333333,
      "n": 30,
      "gen_time_sec": 13.29439640045166,
      "lp_mean_min": {
        "rho": 0.30588478243996986,
        "p": 0.10020033533007877,
        "kept_acc_alpha_0.30": {
          "kept_acc": 0.2005663780663781,
          "ci95": [
            0.0,
            0.6979166666666661
          ]
        },
        "kept_acc_alpha_0.50": {
          "kept_acc": 0.4820601851851852,
          "ci95": [
            0.0,
            1.0
          ]
        }
      },
      "top1_margin_mean": {
        "rho": 0.32854291447256023,
        "p": 0.07629189013699184,
        "kept_acc_alpha_0.30": {
          "kept_acc": 0.29583539476396614,
          "ci95": [
            0.0,
            1.0
          ]
        },
        "kept_acc_alpha_0.50": {
          "kept_acc": 0.18870287698412697,
          "ci95": [
            0.0,
            0.8062499999999995
          ]
        }
      },
      "top1_margin_min": {
        "rho": 0.20392318829331324,
        "p": 0.27974989551884444,
        "kept_acc_alpha_0.30": {
          "kept_acc": 0.14634627525252525,
          "ci95": [
            0.0,
            0.5449999999999996
          ]
        },
        "kept_acc_alpha_0.50": {
          "kept_acc": 0.30321268237934906,
          "ci95": [
            0.0,
            1.0
          ]
        }
      },
      "entropy_max": {
        "rho": -0.28322665040737954,
        "p": 0.12936047712033563,
        "kept_acc_alpha_0.30": {
          "kept_acc": 0.1813534151034151,
          "ci95": [
            0.0,
            0.6062499999999998
          ]
        },
        "kept_acc_alpha_0.50": {
          "kept_acc": 0.46488095238095245,
          "ci95": [
            0.0,
            1.0
          ]
        }
      },
      "entropy_mean": {
        "rho": -0.3625301125214458,
        "p": 0.048970885848534734,
        "kept_acc_alpha_0.30": {
          "kept_acc": 0.276939306484761,
          "ci95": [
            0.0,
            1.0
          ]
        },
        "kept_acc_alpha_0.50": {
          "kept_acc": 0.37304147465437787,
          "ci95": [
            0.0,
            1.0
          ]
        }
      },
      "tempered_kl_max": {
        "rho": -0.26056851837478917,
        "p": 0.16431351967946717,
        "kept_acc_alpha_0.30": {
          "kept_acc": 0.1535480933208206,
          "ci95": [
            0.0,
            0.5399999999999998
          ]
        },
        "kept_acc_alpha_0.50": {
          "kept_acc": 0.4423740510697033,
          "ci95": [
            0.0,
            1.0
          ]
        }
      },
      "tempered_kl_mean": {
        "rho": -0.3625301125214458,
        "p": 0.048970885848534734,
        "kept_acc_alpha_0.30": {
          "kept_acc": 0.3028303442589157,
          "ci95": [
            0.0,
            1.0
          ]
        },
        "kept_acc_alpha_0.50": {
          "kept_acc": 0.20815412186379928,
          "ci95": [
            0.0,
            0.8125
          ]
        }
      },
      "kl_uniform_min": {
        "rho": 0.28322665040737954,
        "p": 0.12936047712033563,
        "kept_acc_alpha_0.30": {
          "kept_acc": 0.1813534151034151,
          "ci95": [
            0.0,
            0.6062499999999998
          ]
        },
        "kept_acc_alpha_0.50": {
          "kept_acc": 0.46488095238095245,
          "ci95": [
            0.0,
            1.0
          ]
        }
      },
      "kl_uniform_mean": {
        "rho": 0.3625301125214458,
        "p": 0.048970885848534734,