{
  "model": "microsoft/phi-4",
  "tag": "phi4",
  "datasets": {
    "math500": {
      "vanilla_acc": 0.775,
      "n": 200,
      "gen_time_sec": 27.71103525161743,
      "lp_mean_min": {
        "rho": 0.1515005363686559,
        "p": 0.032234694276830365,
        "kept_acc_alpha_0.30": {
          "kept_acc": 0.8120538638940515,
          "ci95": [
            0.7443833159913671,
            0.8816157502326644
          ]
        },
        "kept_acc_alpha_0.50": {
          "kept_acc": 0.8328871929668448,
          "ci95": [
            0.746309993387317,
            0.9077503228649603
          ]
        }
      },
      "top1_margin_mean": {
        "rho": 0.12453945529004498,
        "p": 0.0789073744704565,
        "kept_acc_alpha_0.30": {
          "kept_acc": 0.8030067658959694,
          "ci95": [
            0.7361399900604365,
            0.872443759345785
          ]
        },
        "kept_acc_alpha_0.50": {
          "kept_acc": 0.8164055490286182,
          "ci95": [
            0.731044861665085,
            0.8998451786154472
          ]
        }
      },
      "top1_margin_min": {
        "rho": 0.15502621620201268,
        "p": 0.028384669648638415,
        "kept_acc_alpha_0.30": {
          "kept_acc": 0.8300099198646271,
          "ci95": [
            0.7672870977463397,
            0.8885434692785842
          ]
        },
        "kept_acc_alpha_0.50": {
          "kept_acc": 0.8201701562307886,
          "ci95": [
            0.7366115635507982,
            0.8923017502690048
          ]
        }
      },
      "entropy_max": {
        "rho": -0.1618701829373524,
        "p": 0.022023384717280062,
        "kept_acc_alpha_0.30": {
          "kept_acc": 0.8260951882974616,
          "ci95": [
            0.7568075171374531,
            0.8913391808232768
          ]
        },
        "kept_acc_alpha_0.50": {
          "kept_acc": 0.8249027139455256,
          "ci95": [
            0.7373097521747355,
            0.8915864227380185
          ]
        }
      },
      "entropy_mean": {
        "rho": -0.09737098128006014,
        "p": 0.17016808331064887,
        "kept_acc_alpha_0.30": {
          "kept_acc": 0.7970918653990737,
          "ci95": [
            0.7308757369766035,
            0.8687771869509311
          ]
        },
        "kept_acc_alpha_0.50": {
          "kept_acc": 0.8052644294630876,
          "ci95": [
            0.722786005418286,
            0.8908797500027679
          ]
        }
      },
      "tempered_kl_max": {
        "rho": -0.12412466942729712,
        "p": 0.0799177569998782,
        "kept_acc_alpha_0.30": {
          "kept_acc": 0.8038398164587507,
          "ci95": [
            0.726896569654404,
            0.8700605176771384
          ]
        },
        "kept_acc_alpha_0.50": {
          "kept_acc": 0.8286735450718814,
          "ci95": [
            0.7306838335326715,
            0.9070887756449818
          ]
        }
      },
      "tempered_kl_mean": {
        "rho": -0.15461143033926483,
        "p": 0.028816179088732716,
        "kept_acc_alpha_0.30": {
          "kept_acc": 0.8212721545474854,
          "ci95": [
            0.7467926587803393,
            0.8882870569669372
          ]
        },
        "kept_acc_alpha_0.50": {
          "kept_acc": 0.8270069510725268,
          "ci95": [
            0.7478532657471316,
            0.9093073852326041
          ]
        }
      },
      "kl_uniform_min": {
        "rho": 0.1618701829373524,
        "p": 0.022023384717280062,
        "kept_acc_alpha_0.30": {
          "kept_acc": 0.8260951882974616,
          "ci95": [
            0.7568075171374531,
            0.8913391808232768
          ]
        },
        "kept_acc_alpha_0.50": {
          "kept_acc": 0.8249027139455256,
          "ci95": [
            0.7373097521747355,
            0.8915864227380185
          ]
        }
      },
      "kl_uniform_mean": {
        "rho": 0.09737098128006014,
        "p": 0.17016808331064887,
        "kept_acc_alpha_0.30": {
          "kept_acc": 0.7970918653990737,
          "ci95": [
            0.7308757369766035,
            0.8687771869509311
          ]
        },
        "kept_acc_alpha_0.50": {
          "kept_acc": 0.8052644294630876,
          "ci95": [
            0.722786005418286,
            0.8908797500027679
          ]
        }
      }
    },
    "aime": {
      "vanilla_acc": 0.355,
      "n": 200,
      "gen_time_sec": 45.717243909835815,
      "lp_mean_min": {
        "rho": 0.18722874300835307,
        "p": 0.00793707033266462,
        "kept_acc_alpha_0.30": {
          "kept_acc": 0.42461330041429773,
          "ci95": [
            0.3328817303319486,
            0.5215663690069658
          ]
        },
        "kept_acc_alpha_0.50": {
          "kept_acc": 0.4407351719094384,
          "ci95": [
            0.3322891662449911,
            0.5590482268078898
          ]
        }
      },
      "top1_margin_mean": {
        "rho": 0.3016111166973614,
        "p": 1.4235777760835258e-05,
        "kept_acc_alpha_0.30": {
          "kept_acc": 0.47783799668650206,
          "ci95": [
            0.38284565749164456,
            0.5915288063791708
          ]
        },
        "kept_acc_alpha_0.50": {
          "kept_acc": 0.5400288750292372,
          "ci95": [
            0.3959809245179885,
            0.684359595959596
          ]
        }
      },
      "top1_margin_min": {
        "rho": 0.07936182098517429,
        "p": 0.2639628552217352,
        "kept_acc_alpha_0.30": {
          "kept_acc": 0.3671518723595711,
          "ci95": [
            0.2765650131324761,
            0.45158583504423444
          ]
        },
        "kept_acc_alpha_0.50": {
          "kept_acc": 0.3838680051367579,
          "ci95": [
            0.2893961459769729,
            0.4968053867159971
          ]
        }
      },
      "entropy_max": {
        "rho": -0.20387934170991756,
        "p": 0.003783213055016249,
        "kept_acc_alpha_0.30": {
          "kept_acc": 0.4338106934736545,
          "ci95": [
            0.3342443671659727,
            0.5291379639367418
          ]
        },
        "kept_acc_alpha_0.50": {
          "kept_acc": 0.4635267535532938,
          "ci95": [
            0.34596123649224675,
            0.5956664214949653
          ]
        }
      },
      "entropy_mean": {
        "rho": -0.3331024664155377,
        "p": 1.438408247620986e-06,
        "kept_acc_alpha_0.30": {
          "kept_acc": 0.5000234815353906,
          "ci95": [
            0.40134883189763904,
            0.597801757210598
          ]
        },
        "kept_acc_alpha_0.50": {
          "kept_acc": 0.5380992549947918,
          "ci95": [
            0.4108390214886796,
            0.6600508690200341
          ]
        }
      },
      "tempered_kl_max": {
        "rho": -0.208946915227785,
        "p": 0.0029849942046102675,
        "kept_acc_alpha_0.30": {
          "kept_acc": 0.4114752877731786,
          "ci95": [
            0.32279048520905895,
            0.5086127678685101
          ]
        },
        "kept_acc_alpha_0.50": {
          "kept_acc": 0.4614882468219744,
          "ci95": [
            0.34789468731289,
            0.5853520676234267
          ]
        }
      },
      "tempered_kl_mean": {
        "rho": -0.33147360349908034,
        "p": 1.629925099111811e-06,
        "kept_acc_alpha_0.30": {
          "kept_acc": 0.5002048343547466,
          "ci95": [
            0.39917226849108983,
            0.5962280467364948
          ]
        },
        "kept_acc_alpha_0.50": {
          "kept_acc": 0.5402153818580341,
          "ci95": [
            0.40926359584289623,
            0.700539016369995
          ]
        }
      },
      "kl_uniform_min": {
        "rho": 0.20387934170991756,
        "p": 0.003783213055016249,
        "kept_acc_alpha_0.30": {
          "kept_acc": 0.4338106934736545,