{
  "model": "Qwen/Qwen2.5-32B-Instruct",
  "tag": "qwen25_32b",
  "datasets": {
    "math500": {
      "vanilla_acc": 0.805,
      "n": 200,
      "gen_time_sec": 50.134700298309326,
      "lp_mean_min": {
        "rho": 0.2757452686875662,
        "p": 7.747541085543324e-05,
        "kept_acc_alpha_0.30": {
          "kept_acc": 0.8703856845641682,
          "ci95": [
            0.7966765526192143,
            0.9419945434945043
          ]
        },
        "kept_acc_alpha_0.50": {
          "kept_acc": 0.9352088450926656,
          "ci95": [
            0.8692096342526904,
            0.9859768711291472
          ]
        }
      },
      "top1_margin_mean": {
        "rho": 0.16448538619690334,
        "p": 0.01994029255930288,
        "kept_acc_alpha_0.30": {
          "kept_acc": 0.8408063448211437,
          "ci95": [
            0.7751218355698439,
            0.9113143459199549
          ]
        },
        "kept_acc_alpha_0.50": {
          "kept_acc": 0.8577767795391015,
          "ci95": [
            0.7710589671543606,
            0.9277316580062023
          ]
        }
      },
      "top1_margin_min": {
        "rho": 0.2858001893055828,
        "p": 4.089089381254022e-05,
        "kept_acc_alpha_0.30": {
          "kept_acc": 0.8692603311268641,
          "ci95": [
            0.8066814664907812,
            0.9408004735829676
          ]
        },
        "kept_acc_alpha_0.50": {
          "kept_acc": 0.9330128943336411,
          "ci95": [
            0.8537555853627282,
            0.9839055491248377
          ]
        }
      },
      "entropy_max": {
        "rho": -0.3098445646964923,
        "p": 8.01554640899751e-06,
        "kept_acc_alpha_0.30": {
          "kept_acc": 0.8901161995702925,
          "ci95": [
            0.8161779420459889,
            0.9581300736978751
          ]
        },
        "kept_acc_alpha_0.50": {
          "kept_acc": 0.9357507621355716,
          "ci95": [
            0.8679391832935806,
            0.9856176813512321
          ]
        }
      },
      "entropy_mean": {
        "rho": -0.1590207554262421,
        "p": 0.024504353266936802,
        "kept_acc_alpha_0.30": {
          "kept_acc": 0.8587563607122892,
          "ci95": [
            0.7970034888475237,
            0.9229759719381091
          ]
        },
        "kept_acc_alpha_0.50": {
          "kept_acc": 0.8531738848049971,
          "ci95": [
            0.7793556562238521,
            0.9245952394016558
          ]
        }
      },
      "tempered_kl_max": {
        "rho": -0.2534495751432683,
        "p": 0.00029328736735711477,
        "kept_acc_alpha_0.30": {
          "kept_acc": 0.8706114859248552,
          "ci95": [
            0.8007051754272574,
            0.9372870032641116
          ]
        },
        "kept_acc_alpha_0.50": {
          "kept_acc": 0.8908225544835416,
          "ci95": [
            0.8093800300206218,
            0.9553620155420027
          ]
        }
      },
      "tempered_kl_mean": {
        "rho": -0.1515888575781428,
        "p": 0.03213308188083142,
        "kept_acc_alpha_0.30": {
          "kept_acc": 0.8347537129041204,
          "ci95": [
            0.7610484163513422,
            0.9073515436329898
          ]
        },
        "kept_acc_alpha_0.50": {
          "kept_acc": 0.862507219247143,
          "ci95": [
            0.7800480533026761,
            0.9376666470860884
          ]
        }
      },
      "kl_uniform_min": {
        "rho": 0.3098445646964923,
        "p": 8.01554640899751e-06,
        "kept_acc_alpha_0.30": {
          "kept_acc": 0.8901161995702925,
          "ci95": [
            0.8161779420459889,
            0.9581300736978751
          ]
        },
        "kept_acc_alpha_0.50": {
          "kept_acc": 0.9357507621355716,
          "ci95": [
            0.8679391832935806,
            0.9856176813512321
          ]
        }
      },
      "kl_uniform_mean": {
        "rho": 0.1590207554262421,
        "p": 0.024504353266936802,
        "kept_acc_alpha_0.30": {
          "kept_acc": 0.8587563607122892,
          "ci95": [
            0.7970034888475237,
            0.9229759719381091
          ]
        },
        "kept_acc_alpha_0.50": {
          "kept_acc": 0.8531738848049971,
          "ci95": [
            0.7793556562238521,
            0.9245952394016558
          ]
        }
      }
    },
    "aime": {
      "vanilla_acc": 0.44,
      "n": 200,
      "gen_time_sec": 102.63964295387268,
      "lp_mean_min": {
        "rho": 0.18441264462081214,
        "p": 0.008946266076838287,
        "kept_acc_alpha_0.30": {
          "kept_acc": 0.4964578724873771,
          "ci95": [
            0.402341155837488,
            0.59121673324418
          ]
        },
        "kept_acc_alpha_0.50": {
          "kept_acc": 0.5562082178767681,
          "ci95": [
            0.4379080961020383,
            0.6883660029499798
          ]
        }
      },
      "top1_margin_mean": {
        "rho": 0.2733913094804282,
        "p": 8.966203328414804e-05,
        "kept_acc_alpha_0.30": {
          "kept_acc": 0.5434653434443111,
          "ci95": [
            0.4446821060922687,
            0.6590200091104683
          ]
        },
        "kept_acc_alpha_0.50": {
          "kept_acc": 0.5923139109822388,
          "ci95": [
            0.4619124001490778,
            0.754764813234045
          ]
        }
      },
      "top1_margin_min": {
        "rho": 0.17917860551142298,
        "p": 0.011127669176768173,
        "kept_acc_alpha_0.30": {
          "kept_acc": 0.48574501038556017,
          "ci95": [
            0.4033767643157592,
            0.5882880210926843
          ]
        },
        "kept_acc_alpha_0.50": {
          "kept_acc": 0.5204339608475623,
          "ci95": [
            0.41183210578729446,
            0.6506936648909426
          ]
        }
      },
      "entropy_max": {
        "rho": -0.20430199323649104,
        "p": 0.0037099399103399547,
        "kept_acc_alpha_0.30": {
          "kept_acc": 0.5000762893079427,
          "ci95": [
            0.40595588164921825,
            0.6071784553997552
          ]
        },
        "kept_acc_alpha_0.50": {
          "kept_acc": 0.5521695783636452,
          "ci95": [
            0.43698253371402457,
            0.6731506693995573
          ]
        }
      },
      "entropy_mean": {
        "rho": -0.2676338664601001,
        "p": 0.00012745854653081648,
        "kept_acc_alpha_0.30": {
          "kept_acc": 0.5180328025867065,
          "ci95": [
            0.42071309246309246,
            0.6191687704929022
          ]
        },
        "kept_acc_alpha_0.50": {
          "kept_acc": 0.5829548935328749,
          "ci95": [
            0.43412038072453624,
            0.7527258354324886
          ]
        }
      },
      "tempered_kl_max": {
        "rho": -0.24111473497252825,
        "p": 0.0005830292726338,
        "kept_acc_alpha_0.30": {
          "kept_acc": 0.5224111244812394,
          "ci95": [
            0.43101437181731106,
            0.629853645287423
          ]
        },
        "kept_acc_alpha_0.50": {
          "kept_acc": 0.5299583756503314,
          "ci95": [
            0.4129593946387229,
            0.6485626687910645
          ]
        }
      },
      "tempered_kl_mean": {
        "rho": -0.2676338664601001,
        "p": 0.00012745854653081648,
        "kept_acc_alpha_0.30": {
          "kept_acc": 0.5273072776323454,
          "ci95": [
            0.4269384607513362,
            0.6462953094244296
          ]
        },
        "kept_acc_alpha_0.50": {
          "kept_acc": 0.5927316772223499,
          "ci95": [
            0.45502734403965056,
            0.7530998968855538
          ]
        }
      },
      "kl_uniform_min": {
        "rho": 0.20430199323649104,
        "p": 0.0037099399103399547,
        "kept_acc_alpha_0.30": {
          "kept_acc": 0.5000762893079427,