{
  "model": "microsoft/phi-4",
  "tag": "phi4",
  "dataset": "aime",
  "n": 200,
  "vanilla_acc_pointwise": 0.275,
  "n_alts_locs": 917,
  "by_score_alpha": {
    "lp__a0.1": {
      "n_boot": 500,
      "vanilla_acc": [
        0.27338,
        0.17,
        0.38
      ],
      "K4_worst_acc": [
        0.34638,
        0.23,
        0.46
      ],
      "K4_earliest_acc": [
        0.33129999999999993,
        0.22,
        0.44
      ],
      "lift_earliest_vs_worst": [
        -0.015079999999999998,
        -0.07,
        0.04999999999999999
      ],
      "frac_changed_worst": [
        0.28458000000000006,
        0.18,
        0.38524999999999976
      ],
      "frac_changed_earliest": [
        0.2404,
        0.15,
        0.37
      ],
      "cascade_lift_by_gap": {
        "gap_1": [
          -0.05941973118843867,
          -1.0,
          0.75
        ],
        "gap_2_4": [
          0.012517294616787722,
          -0.25916666666666666,
          0.3333333333333333
        ],
        "gap_5p": [
          -0.015109901692175427,
          -0.17391304347826086,
          0.14705882352941177
        ],
        "gap_negzero": [
          -0.01650246216247127,
          -0.0863664596273292,
          0.0
        ]
      }
    },
    "lp__a0.3": {
      "n_boot": 500,
      "vanilla_acc": [
        0.27882,
        0.17,
        0.39
      ],
      "K4_worst_acc": [
        0.35384,
        0.24,
        0.47
      ],
      "K4_earliest_acc": [
        0.32930000000000004,
        0.21,
        0.44524999999999976
      ],
      "lift_earliest_vs_worst": [
        -0.024539999999999996,
        -0.08999999999999997,
        0.030000000000000027
      ],
      "frac_changed_worst": [
        0.28991999999999996,
        0.19,
        0.39
      ],
      "frac_changed_earliest": [
        0.24984000000000003,
        0.15,
        0.36
      ],
      "cascade_lift_by_gap": {
        "gap_1": [
          -0.010353969121504191,
          -0.23749999999999996,
          0.10611111111111124
        ],
        "gap_2_4": [
          -0.10009591047889609,
          -0.36055194805194807,
          0.0
        ],
        "gap_5p": [
          -0.02933636337894351,
          -0.15384615384615385,
          0.09201902748414371
        ],
        "gap_negzero": [
          -0.0007837556589590573,
          0.0,
          0.0
        ]
      }
    },
    "lp__a0.5": {
      "n_boot": 500,
      "vanilla_acc": [
        0.27653999999999995,
        0.16475,
        0.39
      ],
      "K4_worst_acc": [
        0.35208000000000006,
        0.24,
        0.47
      ],
      "K4_earliest_acc": [
        0.30763999999999997,
        0.2,
        0.42
      ],
      "lift_earliest_vs_worst": [
        -0.04444,
        -0.12,
        0.020000000000000018
      ],
      "frac_changed_worst": [
        0.28666,
        0.18,
        0.39524999999999977
      ],
      "frac_changed_earliest": [
        0.23698000000000002,
        0.14,
        0.33524999999999977
      ],
      "cascade_lift_by_gap": {
        "gap_1": [
          -0.031485655754800036,
          -0.2857142857142857,
          0.0
        ],
        "gap_2_4": [
          -0.11901145381069327,
          -0.42857142857142855,
          0.10276315789473672
        ],
        "gap_5p": [
          -0.05620908715734076,
          -0.1844671201814059,
          0.0625
        ],
        "gap_negzero": [
          0.0,
          0.0,
          0.0
        ]
      }
    },
    "ent_neg__a0.1": {
      "n_boot": 500,
      "vanilla_acc": [
        0.27283999999999997,
        0.17475000000000002,
        0.39
      ],
      "K4_worst_acc": [
        0.34967999999999994,
        0.23,
        0.48
      ],
      "K4_earliest_acc": [
        0.32972,
        0.22,
        0.46
      ],
      "lift_earliest_vs_worst": [
        -0.019960000000000002,
        -0.09000000000000002,
        0.04999999999999999
      ],
      "frac_changed_worst": [
        0.28674,
        0.18,
        0.4
      ],
      "frac_changed_earliest": [
        0.23582,
        0.13,
        0.34
      ],
      "cascade_lift_by_gap": {
        "gap_1": [
          0.03508601891935226,
          -1.0,
          1.0
        ],
        "gap_2_4": [
          0.101962551708541,
          -0.3333333333333333,
          0.6
        ],
        "gap_5p": [
          -0.07632308414130885,
          -0.25925925925925924,
          0.09398826979472127
        ],
        "gap_negzero": [
          0.0015117337701830334,
          -0.059699292452830184,
          0.07063953488372089
        ]
      }
    },
    "ent_neg__a0.3": {
      "n_boot": 500,
      "vanilla_acc": [
        0.27829999999999994,
        0.18,
        0.39
      ],
      "K4_worst_acc": [
        0.35391999999999996,
        0.25,
        0.47
      ],
      "K4_earliest_acc": [
        0.32265999999999995,
        0.21,
        0.44
      ],
      "lift_earliest_vs_worst": [
        -0.03126,
        -0.09000000000000002,
        0.030000000000000027
      ],
      "frac_changed_worst": [
        0.2853200000000001,
        0.18,
        0.39524999999999977
      ],
      "frac_changed_earliest": [
        0.23546,
        0.14,
        0.34
      ],
      "cascade_lift_by_gap": {
        "gap_1": [
          -0.02052887961029923,
          -0.33666666666666656,
          0.0
        ],
        "gap_2_4": [
          -0.028326155002548193,
          -0.3211538461538461,
          0.21166666666666617
        ],
        "gap_5p": [
          -0.057729195968591614,
          -0.18796296296296294,
          0.08963903743315502
        ],
        "gap_negzero": [
          0.0002635447977640669,
          0.0,
          0.0
        ]
      }
    },
    "ent_neg__a0.5": {
      "n_boot": 500,
      "vanilla_acc": [
        0.28034000000000003,
        0.17,
        0.39
      ],
      "K4_worst_acc": [
        0.35458000000000006,
        0.24,
        0.47
      ],
      "K4_earliest_acc": [
        0.3097,
        0.21,
        0.43
      ],
      "lift_earliest_vs_worst": [
        -0.044879999999999996,
        -0.10999999999999999,
        0.010000000000000009
      ],
      "frac_changed_worst": [
        0.28302,
        0.18,
        0.4
      ],
      "frac_changed_earliest": [
        0.244,
        0.15,
        0.36
      ],
      "cascade_lift_by_gap": {
        "gap_1": [
          -0.00851863875002708,
          -0.2,
          0.0
        ],
        "gap_2_4": [
          -0.06779453166208314,
          -0.3333333333333333,
          0.0
        ],
        "gap_5p": [
          -0.07854466388758692,
          -0.21078224101479917,
          0.044444444444444446
        ],
        "gap_negzero": [
          -0.0033158402428843407,
          -0.05,
          0.0
        ]
      }
    },
    "marg__a0.1": {
      "n_boot": 500,
      "vanilla_acc": [
        0.27498,
        0.17,
        0.38
      ],
      "K4_worst_acc": [
        0.32868,
        0.22,
        0.44524999999999976
      ],
      "K4_earliest_acc": [
        0.32612,
        0.21,
        0.44
      ],
      "lift_earliest_vs_worst": [
        -0.0025600000000000006,
        -0.07,
        0.07
      ],
      "frac_changed_worst": [
        0.294,
        0.19,
        0.41
      ],
      "frac_changed_earliest": [
        0.19232,
        0.1,
        0.31
      ],
      "cascade_lift_by_gap": {
        "gap_1": [
          0.02859154929577465,
          0.0,
          0.5
        ],
        "gap_2_4": [
          0.06474797812767871,
          -0.125,
          0.4
        ],
        "gap_5p": [
          -0.05904196283760467,
          -0.3,
          0.1111111111111111
        ],
        "gap_negzero": [
          0.020757853582476903,
          -0.04497474747474747,
          0.11574197860962557
        ]
      }
    },
    "marg__a0.3": {
      "n_boot": 500,
      "vanilla_acc": [
        0.275,
        0.17,
        0.38524999999999976
      ],