{
  "model": "microsoft/phi-4",
  "tag": "phi4",
  "dataset": "math500",
  "n": 200,
  "vanilla_acc_pointwise": 0.74,
  "n_alts_locs": 745,
  "by_score_alpha": {
    "lp__a0.1": {
      "n_boot": 500,
      "vanilla_acc": [
        0.7387999999999999,
        0.64,
        0.8352499999999997
      ],
      "K4_worst_acc": [
        0.77982,
        0.69,
        0.87
      ],
      "K4_earliest_acc": [
        0.7863600000000001,
        0.69,
        0.88
      ],
      "lift_earliest_vs_worst": [
        0.00654,
        -0.040000000000000036,
        0.05999999999999994
      ],
      "frac_changed_worst": [
        0.10646000000000001,
        0.04,
        0.18
      ],
      "frac_changed_earliest": [
        0.08506,
        0.02,
        0.16
      ],
      "cascade_lift_by_gap": {
        "gap_1": [
          0.03121402407116693,
          -0.5660714285714284,
          1.0
        ],
        "gap_2_4": [
          -0.015857608826358824,
          -0.2505681818181818,
          0.0
        ],
        "gap_5p": [
          0.03206146059730306,
          -0.17647058823529413,
          0.2727272727272727
        ],
        "gap_negzero": [
          0.00949839458381397,
          -0.007954545454545433,
          0.06201063829787225
        ]
      }
    },
    "lp__a0.3": {
      "n_boot": 500,
      "vanilla_acc": [
        0.73946,
        0.64,
        0.84
      ],
      "K4_worst_acc": [
        0.7811,
        0.69,
        0.88
      ],
      "K4_earliest_acc": [
        0.77788,
        0.67,
        0.87
      ],
      "lift_earliest_vs_worst": [
        -0.00322,
        -0.04999999999999993,
        0.040000000000000036
      ],
      "frac_changed_worst": [
        0.10554000000000001,
        0.04,
        0.18
      ],
      "frac_changed_earliest": [
        0.10074000000000001,
        0.04,
        0.17
      ],
      "cascade_lift_by_gap": {
        "gap_1": [
          0.0707870389332065,
          0.0,
          0.4
        ],
        "gap_2_4": [
          -0.0322214443322789,
          -0.2075,
          0.0
        ],
        "gap_5p": [
          -0.03412602427535772,
          -0.2,
          0.13333333333333333
        ],
        "gap_negzero": [
          0.008752577129179344,
          0.0,
          0.05660377358490566
        ]
      }
    },
    "lp__a0.5": {
      "n_boot": 500,
      "vanilla_acc": [
        0.73954,
        0.63,
        0.83
      ],
      "K4_worst_acc": [
        0.77882,
        0.67,
        0.87
      ],
      "K4_earliest_acc": [
        0.77438,
        0.66,
        0.86
      ],
      "lift_earliest_vs_worst": [
        -0.0044399999999999995,
        -0.04524999999999997,
        0.03524999999999975
      ],
      "frac_changed_worst": [
        0.1045,
        0.04,
        0.18
      ],
      "frac_changed_earliest": [
        0.09762,
        0.04,
        0.17
      ],
      "cascade_lift_by_gap": {
        "gap_1": [
          0.0,
          0.0,
          0.0
        ],
        "gap_2_4": [
          0.029137072896634118,
          0.0,
          0.16666666666666666
        ],
        "gap_5p": [
          -0.03912785673679799,
          -0.18027597402597403,
          0.08
        ],
        "gap_negzero": [
          0.002616822466523123,
          0.0,
          0.04042857142857141
        ]
      }
    },
    "ent_neg__a0.1": {
      "n_boot": 500,
      "vanilla_acc": [
        0.7434400000000001,
        0.64,
        0.84
      ],
      "K4_worst_acc": [
        0.7827200000000001,
        0.68475,
        0.87
      ],
      "K4_earliest_acc": [
        0.7883600000000001,
        0.69,
        0.88
      ],
      "lift_earliest_vs_worst": [
        0.005639999999999999,
        -0.040000000000000036,
        0.050000000000000044
      ],
      "frac_changed_worst": [
        0.09774000000000001,
        0.03,
        0.18
      ],
      "frac_changed_earliest": [
        0.08174000000000001,
        0.02,
        0.15
      ],
      "cascade_lift_by_gap": {
        "gap_1": [
          -0.012890663511781522,
          -1.0,
          0.7479166666666638
        ],
        "gap_2_4": [
          -0.10252158514606648,
          -0.6,
          0.0
        ],
        "gap_5p": [
          0.11733702968123146,
          0.0,
          0.39269230769230734
        ],
        "gap_negzero": [
          0.00032504986557230095,
          0.0,
          0.0
        ]
      }
    },
    "ent_neg__a0.3": {
      "n_boot": 500,
      "vanilla_acc": [
        0.7394,
        0.63475,
        0.84
      ],
      "K4_worst_acc": [
        0.781,
        0.68,
        0.87
      ],
      "K4_earliest_acc": [
        0.77038,
        0.68,
        0.86
      ],
      "lift_earliest_vs_worst": [
        -0.010620000000000001,
        -0.04999999999999999,
        0.020000000000000018
      ],
      "frac_changed_worst": [
        0.10134,
        0.03,
        0.18
      ],
      "frac_changed_earliest": [
        0.08588000000000001,
        0.02,
        0.17
      ],
      "cascade_lift_by_gap": {
        "gap_1": [
          0.027504872362306174,
          0.0,
          0.38333333333333336
        ],
        "gap_2_4": [
          -0.03592957840561462,
          -0.25,
          0.0
        ],
        "gap_5p": [
          -0.03521344330268906,
          -0.1890625,
          0.09130434782608676
        ],
        "gap_negzero": [
          0.0,
          0.0,
          0.0
        ]
      }
    },
    "ent_neg__a0.5": {
      "n_boot": 500,
      "vanilla_acc": [
        0.7373999999999999,
        0.63,
        0.84
      ],
      "K4_worst_acc": [
        0.7776600000000001,
        0.69,
        0.87
      ],
      "K4_earliest_acc": [
        0.7691399999999999,
        0.67,
        0.87
      ],
      "lift_earliest_vs_worst": [
        -0.00852,
        -0.050000000000000044,
        0.030000000000000027
      ],
      "frac_changed_worst": [
        0.09770000000000001,
        0.04,
        0.18
      ],
      "frac_changed_earliest": [
        0.0926,
        0.03,
        0.17
      ],
      "cascade_lift_by_gap": {
        "gap_1": [
          0.0,
          0.0,
          0.0
        ],
        "gap_2_4": [
          0.01776408736220074,
          -0.05138157894736842,
          0.16057692307692278
        ],
        "gap_5p": [
          -0.051489117040634164,
          -0.23461538461538461,
          0.09523809523809523
        ],
        "gap_negzero": [
          0.0,
          0.0,
          0.0
        ]
      }
    },
    "marg__a0.1": {
      "n_boot": 500,
      "vanilla_acc": [
        0.73732,
        0.62,
        0.8452499999999997
      ],
      "K4_worst_acc": [
        0.7783399999999999,
        0.68,
        0.87
      ],
      "K4_earliest_acc": [
        0.7731,
        0.67,
        0.87
      ],
      "lift_earliest_vs_worst": [
        -0.005239999999999999,
        -0.050000000000000044,
        0.039999999999999925
      ],
      "frac_changed_worst": [
        0.08600000000000002,
        0.03,
        0.16
      ],
      "frac_changed_earliest": [
        0.07524000000000002,
        0.02,
        0.14
      ],
      "cascade_lift_by_gap": {
        "gap_1": [
          0.0,
          0.0,
          0.0
        ],
        "gap_2_4": [
          0.0,
          0.0,
          0.0
        ],
        "gap_5p": [
          -0.05278211399540173,
          -0.2727272727272727,
          0.151139601139601
        ],
        "gap_negzero": [
          0.0063222926893217795,
          0.0,
          0.04709302325581392
        ]
      }
    },
    "marg__a0.3": {
      "n_boot": 500,
      "vanilla_acc": [
        0.74052,
        0.63,
        0.84
      ],
      "K4_worst_acc": [
        0.78056,
        0.68,
        0.87
      ],
      "K4_earliest_acc": [
        0.7697200000000001,
        0.66,
        0.86
      ],