{
  "model": "microsoft/phi-4",
  "tag": "phi4",
  "dataset": "olympiad",
  "n": 200,
  "vanilla_acc_pointwise": 0.42,
  "n_alts_locs": 812,
  "by_score_alpha": {
    "lp__a0.1": {
      "n_boot": 500,
      "vanilla_acc": [
        0.42419999999999997,
        0.31,
        0.53
      ],
      "K4_worst_acc": [
        0.47276,
        0.35,
        0.58
      ],
      "K4_earliest_acc": [
        0.46062000000000003,
        0.34,
        0.5752499999999997
      ],
      "lift_earliest_vs_worst": [
        -0.01214,
        -0.07000000000000003,
        0.04999999999999996
      ],
      "frac_changed_worst": [
        0.26766,
        0.16,
        0.38
      ],
      "frac_changed_earliest": [
        0.21264000000000002,
        0.12,
        0.32
      ],
      "cascade_lift_by_gap": {
        "gap_1": [
          -0.24829908551202914,
          -1.0,
          0.0
        ],
        "gap_2_4": [
          0.0023384692310420485,
          -0.5,
          0.5
        ],
        "gap_5p": [
          -0.005155607704377532,
          -0.15201923076923077,
          0.13333333333333333
        ],
        "gap_negzero": [
          0.0048522766268683185,
          -0.0392156862745098,
          0.058823529411764705
        ]
      }
    },
    "lp__a0.3": {
      "n_boot": 500,
      "vanilla_acc": [
        0.41731999999999997,
        0.3,
        0.53
      ],
      "K4_worst_acc": [
        0.47026,
        0.34475,
        0.5852499999999997
      ],
      "K4_earliest_acc": [
        0.4632,
        0.34,
        0.5752499999999997
      ],
      "lift_earliest_vs_worst": [
        -0.007060000000000003,
        -0.07000000000000006,
        0.06524999999999977
      ],
      "frac_changed_worst": [
        0.27027999999999996,
        0.17,
        0.38524999999999976
      ],
      "frac_changed_earliest": [
        0.25408,
        0.14,
        0.36
      ],
      "cascade_lift_by_gap": {
        "gap_1": [
          0.07042434019472722,
          0.0,
          0.41714285714285615
        ],
        "gap_2_4": [
          -0.08821367921975473,
          -0.388125,
          0.16666666666666666
        ],
        "gap_5p": [
          -0.013068003536793516,
          -0.14991582491582492,
          0.1111111111111111
        ],
        "gap_negzero": [
          0.012346812736330775,
          0.0,
          0.0748078266946191
        ]
      }
    },
    "lp__a0.5": {
      "n_boot": 500,
      "vanilla_acc": [
        0.42316,
        0.32,
        0.54
      ],
      "K4_worst_acc": [
        0.4738800000000001,
        0.35475,
        0.59
      ],
      "K4_earliest_acc": [
        0.45196000000000003,
        0.33,
        0.5652499999999998
      ],
      "lift_earliest_vs_worst": [
        -0.021920000000000002,
        -0.09525000000000002,
        0.04524999999999978
      ],
      "frac_changed_worst": [
        0.267,
        0.17,
        0.37
      ],
      "frac_changed_earliest": [
        0.24694,
        0.14,
        0.36
      ],
      "cascade_lift_by_gap": {
        "gap_1": [
          0.04844659815850084,
          0.0,
          0.30403846153846137
        ],
        "gap_2_4": [
          -0.07395023507634946,
          -0.3076923076923077,
          0.1293749999999998
        ],
        "gap_5p": [
          -0.04048307349787716,
          -0.1840380549682875,
          0.09201902748414371
        ],
        "gap_negzero": [
          0.007790351594260816,
          0.0,
          0.06451612903225806
        ]
      }
    },
    "ent_neg__a0.1": {
      "n_boot": 500,
      "vanilla_acc": [
        0.42266000000000004,
        0.30475,
        0.54
      ],
      "K4_worst_acc": [
        0.4724,
        0.36,
        0.59
      ],
      "K4_earliest_acc": [
        0.45186000000000004,
        0.34,
        0.57
      ],
      "lift_earliest_vs_worst": [
        -0.020540000000000003,
        -0.07,
        0.020000000000000018
      ],
      "frac_changed_worst": [
        0.27058000000000004,
        0.17,
        0.37
      ],
      "frac_changed_earliest": [
        0.22,
        0.13,
        0.32
      ],
      "cascade_lift_by_gap": {
        "gap_1": [
          -0.24237626789818856,
          -1.0,
          0.0
        ],
        "gap_2_4": [
          -0.06970345408479282,
          -0.5318181818181817,
          0.3333333333333333
        ],
        "gap_5p": [
          -0.03167960836891997,
          -0.16666666666666666,
          0.09453124999999997
        ],
        "gap_negzero": [
          0.005679039552621516,
          -0.02225790513833992,
          0.05507575757575755
        ]
      }
    },
    "ent_neg__a0.3": {
      "n_boot": 500,
      "vanilla_acc": [
        0.41512,
        0.29,
        0.53
      ],
      "K4_worst_acc": [
        0.46514,
        0.34475,
        0.59
      ],
      "K4_earliest_acc": [
        0.45754,
        0.33475000000000005,
        0.5852499999999997
      ],
      "lift_earliest_vs_worst": [
        -0.0076000000000000035,
        -0.06999999999999998,
        0.04999999999999999
      ],
      "frac_changed_worst": [
        0.27194000000000007,
        0.17,
        0.38
      ],
      "frac_changed_earliest": [
        0.2502,
        0.15,
        0.36
      ],
      "cascade_lift_by_gap": {
        "gap_1": [
          -0.0002880184331797235,
          0.0,
          0.0
        ],
        "gap_2_4": [
          -0.029735007300621785,
          -0.29720588235294115,
          0.18480113636363624
        ],
        "gap_5p": [
          -0.02470334541661068,
          -0.1719458128078818,
          0.10749999999999968
        ],
        "gap_negzero": [
          0.011614709258700841,
          0.0,
          0.06916666666666656
        ]
      }
    },
    "ent_neg__a0.5": {
      "n_boot": 500,
      "vanilla_acc": [
        0.4211600000000001,
        0.3,
        0.53
      ],
      "K4_worst_acc": [
        0.4683,
        0.35,
        0.58
      ],
      "K4_earliest_acc": [
        0.44556000000000007,
        0.33,
        0.56
      ],
      "lift_earliest_vs_worst": [
        -0.022740000000000003,
        -0.08000000000000002,
        0.035249999999999775
      ],
      "frac_changed_worst": [
        0.26891999999999994,
        0.17,
        0.37
      ],
      "frac_changed_earliest": [
        0.24896000000000001,
        0.15,
        0.35524999999999973
      ],
      "cascade_lift_by_gap": {
        "gap_1": [
          0.00962636223425697,
          0.0,
          0.15384615384615385
        ],
        "gap_2_4": [
          -0.0911547424714339,
          -0.2857142857142857,
          0.02282608695652075
        ],
        "gap_5p": [
          -0.025108379104693792,
          -0.15597165991902834,
          0.1
        ],
        "gap_negzero": [
          0.000600996050294788,
          0.0,
          0.0
        ]
      }
    },
    "marg__a0.1": {
      "n_boot": 500,
      "vanilla_acc": [
        0.41834000000000005,
        0.31,
        0.54
      ],
      "K4_worst_acc": [
        0.45462,
        0.35,
        0.58
      ],
      "K4_earliest_acc": [
        0.44224,
        0.32475000000000004,
        0.56
      ],
      "lift_earliest_vs_worst": [
        -0.012379999999999999,
        -0.07,
        0.040000000000000036
      ],
      "frac_changed_worst": [
        0.23518,
        0.14,
        0.35
      ],
      "frac_changed_earliest": [
        0.20952,
        0.10475000000000002,
        0.32
      ],
      "cascade_lift_by_gap": {
        "gap_1": [
          -0.12756558641975307,
          -1.0,
          0.0
        ],
        "gap_2_4": [
          -0.004348721453984612,
          0.0,
          0.0
        ],
        "gap_5p": [
          -0.026307878635132943,
          -0.18181818181818182,
          0.11728571428571415
        ],
        "gap_negzero": [
          -0.002228272719097705,
          -0.07142857142857142,
          0.06060606060606061
        ]
      }
    },