{
  "model": "Qwen/Qwen2.5-Math-7B-Instruct",
  "tag": "qwen25_math_7b",
  "dataset": "aime",
  "n": 200,
  "vanilla_acc_pointwise": 0.33,
  "n_alts_locs": 742,
  "by_score_alpha": {
    "lp__a0.1": {
      "n_boot": 500,
      "vanilla_acc": [
        0.32882000000000006,
        0.22475,
        0.43524999999999975
      ],
      "K4_worst_acc": [
        0.36707999999999996,
        0.26,
        0.48
      ],
      "K4_earliest_acc": [
        0.37012,
        0.26,
        0.48
      ],
      "lift_earliest_vs_worst": [
        0.003040000000000001,
        -0.04999999999999999,
        0.06
      ],
      "frac_changed_worst": [
        0.16776000000000002,
        0.08,
        0.27
      ],
      "frac_changed_earliest": [
        0.13445999999999997,
        0.05,
        0.23
      ],
      "cascade_lift_by_gap": {
        "gap_1": [
          0.027830629728817825,
          0.0,
          0.3333333333333333
        ],
        "gap_2_4": [
          0.06715046288793715,
          0.0,
          0.3174999999999992
        ],
        "gap_5p": [
          0.04049359119152396,
          0.0,
          0.16666666666666666
        ],
        "gap_negzero": [
          -0.0002980777482700691,
          -0.03778490028490028,
          0.04286363636363624
        ]
      }
    },
    "lp__a0.3": {
      "n_boot": 500,
      "vanilla_acc": [
        0.33516,
        0.22,
        0.44524999999999976
      ],
      "K4_worst_acc": [
        0.37408,
        0.25475000000000003,
        0.49
      ],
      "K4_earliest_acc": [
        0.37582,
        0.27,
        0.49524999999999975
      ],
      "lift_earliest_vs_worst": [
        0.001740000000000002,
        -0.04000000000000001,
        0.04999999999999999
      ],
      "frac_changed_worst": [
        0.17018,
        0.08,
        0.26
      ],
      "frac_changed_earliest": [
        0.14574,
        0.06,
        0.24
      ],
      "cascade_lift_by_gap": {
        "gap_1": [
          0.025152337499898474,
          0.0,
          0.3333333333333333
        ],
        "gap_2_4": [
          0.005240459565860023,
          0.0,
          0.08523550724637673
        ],
        "gap_5p": [
          0.028046779149882163,
          -0.06488429172510518,
          0.13578009828009824
        ],
        "gap_negzero": [
          0.0,
          0.0,
          0.0
        ]
      }
    },
    "lp__a0.5": {
      "n_boot": 500,
      "vanilla_acc": [
        0.32970000000000005,
        0.21,
        0.45
      ],
      "K4_worst_acc": [
        0.36951999999999996,
        0.25,
        0.49
      ],
      "K4_earliest_acc": [
        0.36412,
        0.25,
        0.48
      ],
      "lift_earliest_vs_worst": [
        -0.005399999999999998,
        -0.06524999999999996,
        0.05
      ],
      "frac_changed_worst": [
        0.1723,
        0.09,
        0.26
      ],
      "frac_changed_earliest": [
        0.16842,
        0.08,
        0.26
      ],
      "cascade_lift_by_gap": {
        "gap_1": [
          0.0571177392782656,
          0.0,
          0.38812499999999944
        ],
        "gap_2_4": [
          0.01765531822496186,
          -0.09090909090909091,
          0.14660714285714269
        ],
        "gap_5p": [
          -0.0056467262803403286,
          -0.10996376811594202,
          0.10256410256410256
        ],
        "gap_negzero": [
          -0.00034708994708994713,
          0.0,
          0.0
        ]
      }
    },
    "ent_neg__a0.1": {
      "n_boot": 500,
      "vanilla_acc": [
        0.32538,
        0.22,
        0.45
      ],
      "K4_worst_acc": [
        0.37694,
        0.27,
        0.49
      ],
      "K4_earliest_acc": [
        0.36266,
        0.26,
        0.49
      ],
      "lift_earliest_vs_worst": [
        -0.014279999999999998,
        -0.07,
        0.03999999999999998
      ],
      "frac_changed_worst": [
        0.17918,
        0.08475000000000002,
        0.28
      ],
      "frac_changed_earliest": [
        0.13490000000000005,
        0.06,
        0.21524999999999977
      ],
      "cascade_lift_by_gap": {
        "gap_1": [
          0.008667255794584987,
          0.0,
          0.14238095238095227
        ],
        "gap_2_4": [
          0.0362522813555927,
          0.0,
          0.25
        ],
        "gap_5p": [
          0.03239064199304336,
          0.0,
          0.15597165991902825
        ],
        "gap_negzero": [
          -0.002708377998258347,
          -0.07853846153846154,
          0.054999999999999896
        ]
      }
    },
    "ent_neg__a0.3": {
      "n_boot": 500,
      "vanilla_acc": [
        0.33112,
        0.22,
        0.44
      ],
      "K4_worst_acc": [
        0.38206,
        0.27475000000000005,
        0.49
      ],
      "K4_earliest_acc": [
        0.37112,
        0.26,
        0.48
      ],
      "lift_earliest_vs_worst": [
        -0.01094,
        -0.06,
        0.030000000000000027
      ],
      "frac_changed_worst": [
        0.1741,
        0.09,
        0.26524999999999976
      ],
      "frac_changed_earliest": [
        0.136,
        0.06,
        0.22
      ],
      "cascade_lift_by_gap": {
        "gap_1": [
          0.006654540745449836,
          0.0,
          0.0
        ],
        "gap_2_4": [
          -0.028735792753959096,
          -0.16666666666666666,
          0.0
        ],
        "gap_5p": [
          0.014498346093686568,
          -0.08844155844155843,
          0.12320075757575749
        ],
        "gap_negzero": [
          -0.004017074396813733,
          -0.056388888888888884,
          0.0
        ]
      }
    },
    "ent_neg__a0.5": {
      "n_boot": 500,
      "vanilla_acc": [
        0.33283999999999997,
        0.22,
        0.45524999999999977
      ],
      "K4_worst_acc": [
        0.38292,
        0.26,
        0.51
      ],
      "K4_earliest_acc": [
        0.36698000000000003,
        0.25,
        0.48
      ],
      "lift_earliest_vs_worst": [
        -0.01594,
        -0.07,
        0.040000000000000036
      ],
      "frac_changed_worst": [
        0.17551999999999998,
        0.09,
        0.2752499999999998
      ],
      "frac_changed_earliest": [
        0.16046,
        0.08475000000000002,
        0.25524999999999975
      ],
      "cascade_lift_by_gap": {
        "gap_1": [
          0.06036917095504859,
          0.0,
          0.3333333333333333
        ],
        "gap_2_4": [
          -0.046806861827469896,
          -0.21428571428571427,
          0.0
        ],
        "gap_5p": [
          -0.0037974667267237933,
          -0.11730769230769231,
          0.10231554160125587
        ],
        "gap_negzero": [
          -0.002823218158801874,
          -0.05588235294117646,
          0.0
        ]
      }
    },
    "marg__a0.1": {
      "n_boot": 500,
      "vanilla_acc": [
        0.3301,
        0.22,
        0.45
      ],
      "K4_worst_acc": [
        0.37592000000000003,
        0.26,
        0.5
      ],
      "K4_earliest_acc": [
        0.36182,
        0.25,
        0.48
      ],
      "lift_earliest_vs_worst": [
        -0.014100000000000001,
        -0.06,
        0.03999999999999998
      ],
      "frac_changed_worst": [
        0.17592,
        0.09,
        0.2752499999999998
      ],
      "frac_changed_earliest": [
        0.12434,
        0.05,
        0.21
      ],
      "cascade_lift_by_gap": {
        "gap_1": [
          0.01948058716351399,
          0.0,
          0.25
        ],
        "gap_2_4": [
          0.05721076079549292,
          -0.07692307692307693,
          0.3333333333333333
        ],
        "gap_5p": [
          0.006059033277521187,
          -0.13333333333333333,
          0.1357471264367815
        ],
        "gap_negzero": [
          -0.0003744896115627823,
          0.0,
          0.0
        ]
      }
    },
    "marg__a0.3": {
      "n_boot": 500,
      "vanilla_acc": [
        0.33089999999999997,
        0.22,
        0.44
      ],