{
  "model": "Qwen/Qwen2.5-Math-7B-Instruct",
  "tag": "qwen25_math_7b",
  "dataset": "olympiad",
  "n": 200,
  "vanilla_acc_pointwise": 0.41,
  "n_alts_locs": 652,
  "by_score_alpha": {
    "lp__a0.1": {
      "n_boot": 500,
      "vanilla_acc": [
        0.4144,
        0.3,
        0.53
      ],
      "K4_worst_acc": [
        0.41038,
        0.29,
        0.53
      ],
      "K4_earliest_acc": [
        0.42966,
        0.30475,
        0.54
      ],
      "lift_earliest_vs_worst": [
        0.019280000000000002,
        -0.06,
        0.09000000000000002
      ],
      "frac_changed_worst": [
        0.24852,
        0.16,
        0.35
      ],
      "frac_changed_earliest": [
        0.21324,
        0.11,
        0.32
      ],
      "cascade_lift_by_gap": {
        "gap_1": [
          0.13697105297747697,
          -0.3333333333333333,
          1.0
        ],
        "gap_2_4": [
          -0.017191513199284515,
          -0.388125,
          0.36363636363636365
        ],
        "gap_5p": [
          0.10508056980763325,
          -0.125,
          0.4
        ],
        "gap_negzero": [
          -0.013559492719580929,
          -0.09090909090909091,
          0.05567567567567561
        ]
      }
    },
    "lp__a0.3": {
      "n_boot": 500,
      "vanilla_acc": [
        0.41088,
        0.3,
        0.52
      ],
      "K4_worst_acc": [
        0.41270000000000007,
        0.29,
        0.53
      ],
      "K4_earliest_acc": [
        0.43846,
        0.3195,
        0.55
      ],
      "lift_earliest_vs_worst": [
        0.02576,
        -0.05525000000000001,
        0.10999999999999999
      ],
      "frac_changed_worst": [
        0.25398000000000004,
        0.15,
        0.35524999999999973
      ],
      "frac_changed_earliest": [
        0.26044000000000006,
        0.15475,
        0.37
      ],
      "cascade_lift_by_gap": {
        "gap_1": [
          0.11266662185409965,
          -0.14285714285714285,
          0.5
        ],
        "gap_2_4": [
          0.08552680675704369,
          -0.14051724137931032,
          0.3551470588235293
        ],
        "gap_5p": [
          0.011764846727807992,
          -0.2026923076923077,
          0.2265762463343108
        ],
        "gap_negzero": [
          0.00016516516516516515,
          0.0,
          0.0
        ]
      }
    },
    "lp__a0.5": {
      "n_boot": 500,
      "vanilla_acc": [
        0.4113,
        0.29475,
        0.54
      ],
      "K4_worst_acc": [
        0.41424,
        0.29,
        0.53
      ],
      "K4_earliest_acc": [
        0.43428000000000005,
        0.32,
        0.56
      ],
      "lift_earliest_vs_worst": [
        0.02004,
        -0.06,
        0.10999999999999999
      ],
      "frac_changed_worst": [
        0.24576,
        0.15,
        0.36524999999999974
      ],
      "frac_changed_earliest": [
        0.25351999999999997,
        0.14475000000000002,
        0.36
      ],
      "cascade_lift_by_gap": {
        "gap_1": [
          0.04524719381883569,
          -0.3,
          0.4334821428571429
        ],
        "gap_2_4": [
          0.043163975913811936,
          -0.11888235294117647,
          0.23436274509803917
        ],
        "gap_5p": [
          0.018915671438032283,
          -0.18247863247863247,
          0.21427108927108918
        ],
        "gap_negzero": [
          0.0,
          0.0,
          0.0
        ]
      }
    },
    "ent_neg__a0.1": {
      "n_boot": 500,
      "vanilla_acc": [
        0.41258000000000006,
        0.3,
        0.53
      ],
      "K4_worst_acc": [
        0.43232000000000004,
        0.32,
        0.5452499999999998
      ],
      "K4_earliest_acc": [
        0.42912,
        0.31,
        0.55
      ],
      "lift_earliest_vs_worst": [
        -0.0031999999999999993,
        -0.07524999999999997,
        0.07
      ],
      "frac_changed_worst": [
        0.26741999999999994,
        0.17,
        0.37
      ],
      "frac_changed_earliest": [
        0.21944,
        0.11,
        0.33524999999999977
      ],
      "cascade_lift_by_gap": {
        "gap_1": [
          0.10528277218342012,
          0.0,
          0.6666666666666666
        ],
        "gap_2_4": [
          -0.09052292570003097,
          -0.4817307692307692,
          0.2857142857142857
        ],
        "gap_5p": [
          0.029547748431397142,
          -0.2331447963800905,
          0.27666666666666623
        ],
        "gap_negzero": [
          -0.01851059442733485,
          -0.10538793103448275,
          0.0
        ]
      }
    },
    "ent_neg__a0.3": {
      "n_boot": 500,
      "vanilla_acc": [
        0.40852,
        0.29,
        0.53
      ],
      "K4_worst_acc": [
        0.42938,
        0.31,
        0.54
      ],
      "K4_earliest_acc": [
        0.43801999999999996,
        0.32,
        0.55
      ],
      "lift_earliest_vs_worst": [
        0.008639999999999998,
        -0.07,
        0.08000000000000002
      ],
      "frac_changed_worst": [
        0.2689,
        0.16,
        0.38
      ],
      "frac_changed_earliest": [
        0.25004000000000004,
        0.15,
        0.35
      ],
      "cascade_lift_by_gap": {
        "gap_1": [
          0.05431089623801673,
          -0.22692307692307692,
          0.4
        ],
        "gap_2_4": [
          0.04032871962623336,
          -0.1838235294117647,
          0.2443452380952378
        ],
        "gap_5p": [
          -0.0062830815512312874,
          -0.204375,
          0.18358585858585852
        ],
        "gap_negzero": [
          0.0,
          0.0,
          0.0
        ]
      }
    },
    "ent_neg__a0.5": {
      "n_boot": 500,
      "vanilla_acc": [
        0.407,
        0.29475,
        0.52
      ],
      "K4_worst_acc": [
        0.4262,
        0.31,
        0.54
      ],
      "K4_earliest_acc": [
        0.43342,
        0.31475000000000003,
        0.55
      ],
      "lift_earliest_vs_worst": [
        0.00722,
        -0.07,
        0.08000000000000002
      ],
      "frac_changed_worst": [
        0.25833999999999996,
        0.15,
        0.37524999999999975
      ],
      "frac_changed_earliest": [
        0.26153999999999994,
        0.16,
        0.36
      ],
      "cascade_lift_by_gap": {
        "gap_1": [
          0.027684041182042256,
          -0.23680555555555552,
          0.2727272727272727
        ],
        "gap_2_4": [
          0.012136106156037961,
          -0.14563492063492062,
          0.18027597402597395
        ],
        "gap_5p": [
          0.007090023160955367,
          -0.2,
          0.2
        ],
        "gap_negzero": [
          0.0,
          0.0,
          0.0
        ]
      }
    },
    "marg__a0.1": {
      "n_boot": 500,
      "vanilla_acc": [
        0.41316,
        0.29,
        0.5252499999999998
      ],
      "K4_worst_acc": [
        0.42158000000000007,
        0.31,
        0.55
      ],
      "K4_earliest_acc": [
        0.42834,
        0.31,
        0.55
      ],
      "lift_earliest_vs_worst": [
        0.00676,
        -0.07,
        0.07999999999999999
      ],
      "frac_changed_worst": [
        0.22848000000000002,
        0.13,
        0.33
      ],
      "frac_changed_earliest": [
        0.19792,
        0.1,
        0.31
      ],
      "cascade_lift_by_gap": {
        "gap_1": [
          0.20137444494139053,
          0.0,
          1.0
        ],
        "gap_2_4": [
          -0.03980451705198677,
          -0.3333333333333333,
          0.21428571428571427
        ],
        "gap_5p": [
          0.057995379290228855,
          -0.25,
          0.3333333333333333
        ],
        "gap_negzero": [
          0.002996078229204656,
          0.0,
          0.047619047619047616
        ]
      }
    },
    "marg__a0.3": {
      "n_boot": 500,
      "vanilla_acc": [
        0.41376,
        0.3,
        0.53
      ],
      "K4_worst_acc": [
        0.42410000000000003,
        0.31,
        0.54
      ],