{
  "model": "Qwen/Qwen2.5-7B-Instruct",
  "tag": "qwen25_7b",
  "dataset": "math500",
  "n": 200,
  "vanilla_acc_pointwise": 0.74,
  "n_alts_locs": 515,
  "by_score_alpha": {
    "lp__a0.1": {
      "n_boot": 500,
      "vanilla_acc": [
        0.73762,
        0.63475,
        0.83
      ],
      "K4_worst_acc": [
        0.76146,
        0.65,
        0.86
      ],
      "K4_earliest_acc": [
        0.7449600000000001,
        0.64,
        0.84
      ],
      "lift_earliest_vs_worst": [
        -0.016500000000000004,
        -0.06999999999999995,
        0.030000000000000027
      ],
      "frac_changed_worst": [
        0.11434,
        0.05,
        0.2
      ],
      "frac_changed_earliest": [
        0.06446,
        0.01,
        0.13
      ],
      "cascade_lift_by_gap": {
        "gap_1": [
          0.0,
          0.0,
          0.0
        ],
        "gap_2_4": [
          -0.08559924004115349,
          -1.0,
          1.0
        ],
        "gap_5p": [
          0.0,
          0.0,
          0.0
        ],
        "gap_negzero": [
          0.005395298023263832,
          0.0,
          0.05
        ]
      }
    },
    "lp__a0.3": {
      "n_boot": 500,
      "vanilla_acc": [
        0.7404400000000001,
        0.64,
        0.84
      ],
      "K4_worst_acc": [
        0.7652599999999999,
        0.66,
        0.86
      ],
      "K4_earliest_acc": [
        0.7583199999999999,
        0.66,
        0.85
      ],
      "lift_earliest_vs_worst": [
        -0.00694,
        -0.06000000000000005,
        0.040000000000000036
      ],
      "frac_changed_worst": [
        0.1144,
        0.05,
        0.19524999999999978
      ],
      "frac_changed_earliest": [
        0.11040000000000001,
        0.04,
        0.19
      ],
      "cascade_lift_by_gap": {
        "gap_1": [
          -0.0006202881954384961,
          0.0,
          0.0
        ],
        "gap_2_4": [
          -0.0182837859814465,
          -0.3551470588235294,
          0.2857142857142857
        ],
        "gap_5p": [
          -0.04951719436567922,
          -0.4,
          0.0
        ],
        "gap_negzero": [
          0.009011617674214375,
          -0.01694915254237288,
          0.05357142857142857
        ]
      }
    },
    "lp__a0.5": {
      "n_boot": 500,
      "vanilla_acc": [
        0.73892,
        0.63,
        0.84
      ],
      "K4_worst_acc": [
        0.76472,
        0.66,
        0.86
      ],
      "K4_earliest_acc": [
        0.75906,
        0.65475,
        0.85
      ],
      "lift_earliest_vs_worst": [
        -0.00566,
        -0.050000000000000044,
        0.03524999999999975
      ],
      "frac_changed_worst": [
        0.11544000000000001,
        0.05,
        0.20524999999999977
      ],
      "frac_changed_earliest": [
        0.12534,
        0.054750000000000014,
        0.20524999999999977
      ],
      "cascade_lift_by_gap": {
        "gap_1": [
          0.0,
          0.0,
          0.0
        ],
        "gap_2_4": [
          0.038853829981549765,
          -0.1383333333333333,
          0.2331447963800904
        ],
        "gap_5p": [
          -0.11678884304885398,
          -0.5,
          0.0
        ],
        "gap_negzero": [
          -0.004678503368535538,
          -0.03926923076923077,
          0.0
        ]
      }
    },
    "ent_neg__a0.1": {
      "n_boot": 500,
      "vanilla_acc": [
        0.7407,
        0.63,
        0.84
      ],
      "K4_worst_acc": [
        0.76554,
        0.67,
        0.86
      ],
      "K4_earliest_acc": [
        0.75192,
        0.65,
        0.85
      ],
      "lift_earliest_vs_worst": [
        -0.013619999999999997,
        -0.06999999999999995,
        0.030000000000000027
      ],
      "frac_changed_worst": [
        0.12072000000000001,
        0.05,
        0.2
      ],
      "frac_changed_earliest": [
        0.06854,
        0.014750000000000015,
        0.14
      ],
      "cascade_lift_by_gap": {
        "gap_1": [
          0.0,
          0.0,
          0.0
        ],
        "gap_2_4": [
          -0.08966400112233446,
          -1.0,
          1.0
        ],
        "gap_5p": [
          0.0,
          0.0,
          0.0
        ],
        "gap_negzero": [
          0.007724886072696523,
          0.0,
          0.0625
        ]
      }
    },
    "ent_neg__a0.3": {
      "n_boot": 500,
      "vanilla_acc": [
        0.74014,
        0.64,
        0.83
      ],
      "K4_worst_acc": [
        0.7666000000000001,
        0.66,
        0.86
      ],
      "K4_earliest_acc": [
        0.75494,
        0.66,
        0.85
      ],
      "lift_earliest_vs_worst": [
        -0.011660000000000002,
        -0.06,
        0.039999999999999925
      ],
      "frac_changed_worst": [
        0.12214,
        0.05,
        0.2
      ],
      "frac_changed_earliest": [
        0.11750000000000002,
        0.05,
        0.2
      ],
      "cascade_lift_by_gap": {
        "gap_1": [
          0.0,
          0.0,
          0.0
        ],
        "gap_2_4": [
          -0.055232287609639885,
          -0.3333333333333333,
          0.2857142857142857
        ],
        "gap_5p": [
          0.010421237508813885,
          -0.6666666666666666,
          0.5928571428571429
        ],
        "gap_negzero": [
          0.000777700390102309,
          -0.03636363636363636,
          0.0492338709677419
        ]
      }
    },
    "ent_neg__a0.5": {
      "n_boot": 500,
      "vanilla_acc": [
        0.73798,
        0.63,
        0.84
      ],
      "K4_worst_acc": [
        0.7633,
        0.66,
        0.86
      ],
      "K4_earliest_acc": [
        0.7578400000000001,
        0.65,
        0.85
      ],
      "lift_earliest_vs_worst": [
        -0.005459999999999999,
        -0.04999999999999993,
        0.039999999999999925
      ],
      "frac_changed_worst": [
        0.11658000000000002,
        0.04,
        0.2
      ],
      "frac_changed_earliest": [
        0.1178,
        0.05,
        0.2
      ],
      "cascade_lift_by_gap": {
        "gap_1": [
          0.0,
          0.0,
          0.0
        ],
        "gap_2_4": [
          -0.002620757941683822,
          -0.19547619047619047,
          0.15789473684210525
        ],
        "gap_5p": [
          -0.06957485567205005,
          -0.58,
          0.3333333333333333
        ],
        "gap_negzero": [
          -0.00035098190219484015,
          0.0,
          0.0
        ]
      }
    },
    "marg__a0.1": {
      "n_boot": 500,
      "vanilla_acc": [
        0.73656,
        0.62,
        0.84
      ],
      "K4_worst_acc": [
        0.77238,
        0.67,
        0.87
      ],
      "K4_earliest_acc": [
        0.7450399999999999,
        0.64,
        0.85
      ],
      "lift_earliest_vs_worst": [
        -0.02734,
        -0.09000000000000002,
        0.020000000000000018
      ],
      "frac_changed_worst": [
        0.13082000000000002,
        0.05,
        0.21
      ],
      "frac_changed_earliest": [
        0.07328,
        0.02,
        0.16
      ],
      "cascade_lift_by_gap": {
        "gap_1": [
          -0.011176657057663922,
          -0.01818181818181812,
          0.0
        ],
        "gap_2_4": [
          -0.14907663258727086,
          -1.0,
          0.0
        ],
        "gap_5p": [
          0.0,
          0.0,
          0.0
        ],
        "gap_negzero": [
          -0.0007263329412032371,
          0.0,
          0.0
        ]
      }
    },
    "marg__a0.3": {
      "n_boot": 500,
      "vanilla_acc": [
        0.74208,
        0.64,
        0.85
      ],
      "K4_worst_acc": [
        0.7780799999999999,
        0.68,
        0.87
      ],
      "K4_earliest_acc": [
        0.75312,
        0.65,
        0.85
      ],
      "lift_earliest_vs_worst": [
        -0.02496,
        -0.07999999999999996,
        0.020000000000000018
      ],
      "frac_changed_worst": [
        0.12698,
        0.05,
        0.21524999999999977
      ],