{
  "model": "Qwen/Qwen2.5-7B-Instruct",
  "tag": "qwen25_7b",
  "dataset": "olympiad",
  "n": 200,
  "vanilla_acc_pointwise": 0.42,
  "n_alts_locs": 597,
  "by_score_alpha": {
    "lp__a0.1": {
      "n_boot": 500,
      "vanilla_acc": [
        0.42460000000000003,
        0.31,
        0.5452499999999998
      ],
      "K4_worst_acc": [
        0.45024000000000003,
        0.32475000000000004,
        0.5752499999999997
      ],
      "K4_earliest_acc": [
        0.44488,
        0.32,
        0.5652499999999998
      ],
      "lift_earliest_vs_worst": [
        -0.005359999999999999,
        -0.04000000000000001,
        0.030000000000000027
      ],
      "frac_changed_worst": [
        0.19386,
        0.1,
        0.3
      ],
      "frac_changed_earliest": [
        0.14057999999999998,
        0.07,
        0.23
      ],
      "cascade_lift_by_gap": {
        "gap_1": [
          0.0,
          0.0,
          0.0
        ],
        "gap_2_4": [
          0.0983019533320496,
          -0.2,
          0.5
        ],
        "gap_5p": [
          0.0,
          0.0,
          0.0
        ],
        "gap_negzero": [
          0.000652337091968835,
          -0.024114401858304296,
          0.04600951374207186
        ]
      }
    },
    "lp__a0.3": {
      "n_boot": 500,
      "vanilla_acc": [
        0.42034,
        0.31,
        0.53
      ],
      "K4_worst_acc": [
        0.44588,
        0.33,
        0.56
      ],
      "K4_earliest_acc": [
        0.45672,
        0.34,
        0.56
      ],
      "lift_earliest_vs_worst": [
        0.010840000000000002,
        -0.030000000000000027,
        0.050000000000000044
      ],
      "frac_changed_worst": [
        0.19546,
        0.09475000000000001,
        0.29524999999999973
      ],
      "frac_changed_earliest": [
        0.17224,
        0.09,
        0.27
      ],
      "cascade_lift_by_gap": {
        "gap_1": [
          0.06086731373201961,
          0.0,
          0.35520833333333235
        ],
        "gap_2_4": [
          0.040929121467555916,
          -0.13977272727272724,
          0.25
        ],
        "gap_5p": [
          -0.031837690254523925,
          -0.2857142857142857,
          0.0
        ],
        "gap_negzero": [
          0.0002469613910993221,
          0.0,
          0.0
        ]
      }
    },
    "lp__a0.5": {
      "n_boot": 500,
      "vanilla_acc": [
        0.42202,
        0.31475000000000003,
        0.54
      ],
      "K4_worst_acc": [
        0.44922,
        0.33,
        0.57
      ],
      "K4_earliest_acc": [
        0.45408,
        0.34,
        0.5652499999999998
      ],
      "lift_earliest_vs_worst": [
        0.0048600000000000015,
        -0.04525,
        0.05524999999999979
      ],
      "frac_changed_worst": [
        0.19922,
        0.1,
        0.3
      ],
      "frac_changed_earliest": [
        0.19124000000000002,
        0.1,
        0.27
      ],
      "cascade_lift_by_gap": {
        "gap_1": [
          0.03811993225960113,
          -0.18181818181818182,
          0.3
        ],
        "gap_2_4": [
          0.016260764688614166,
          -0.13043478260869565,
          0.1456349206349205
        ],
        "gap_5p": [
          -0.04118061841801578,
          -0.2290849673202614,
          0.0
        ],
        "gap_negzero": [
          0.00014444444444444444,
          0.0,
          0.0
        ]
      }
    },
    "ent_neg__a0.1": {
      "n_boot": 500,
      "vanilla_acc": [
        0.42324,
        0.31,
        0.54
      ],
      "K4_worst_acc": [
        0.44762,
        0.34,
        0.5652499999999998
      ],
      "K4_earliest_acc": [
        0.4385,
        0.32,
        0.5552499999999998
      ],
      "lift_earliest_vs_worst": [
        -0.009120000000000001,
        -0.06,
        0.03999999999999998
      ],
      "frac_changed_worst": [
        0.18725999999999998,
        0.1,
        0.28
      ],
      "frac_changed_earliest": [
        0.13968,
        0.06,
        0.22524999999999978
      ],
      "cascade_lift_by_gap": {
        "gap_1": [
          0.0034429254955570744,
          0.0,
          0.0
        ],
        "gap_2_4": [
          0.07438100408422339,
          -0.2857142857142857,
          0.5
        ],
        "gap_5p": [
          0.0,
          0.0,
          0.0
        ],
        "gap_negzero": [
          -0.007238985765462452,
          -0.06075367647058823,
          0.0
        ]
      }
    },
    "ent_neg__a0.3": {
      "n_boot": 500,
      "vanilla_acc": [
        0.41605999999999993,
        0.3,
        0.53
      ],
      "K4_worst_acc": [
        0.43992,
        0.31475000000000003,
        0.56
      ],
      "K4_earliest_acc": [
        0.4522,
        0.33,
        0.57
      ],
      "lift_earliest_vs_worst": [
        0.012280000000000001,
        -0.030000000000000027,
        0.06
      ],
      "frac_changed_worst": [
        0.19168000000000002,
        0.1,
        0.28
      ],
      "frac_changed_earliest": [
        0.17742000000000002,
        0.09,
        0.2752499999999998
      ],
      "cascade_lift_by_gap": {
        "gap_1": [
          0.06949885800175207,
          0.0,
          0.3571590909090906
        ],
        "gap_2_4": [
          0.05389725040281577,
          -0.12699999999999997,
          0.26984848484848467
        ],
        "gap_5p": [
          -0.01457922437040084,
          -0.2,
          0.0
        ],
        "gap_negzero": [
          -0.0013697473250645095,
          -0.03885746606334842,
          0.0
        ]
      }
    },
    "ent_neg__a0.5": {
      "n_boot": 500,
      "vanilla_acc": [
        0.41872000000000004,
        0.29475,
        0.54
      ],
      "K4_worst_acc": [
        0.44384,
        0.33,
        0.56
      ],
      "K4_earliest_acc": [
        0.45276000000000005,
        0.33475000000000005,
        0.57
      ],
      "lift_earliest_vs_worst": [
        0.00892,
        -0.04999999999999999,
        0.06000000000000005
      ],
      "frac_changed_worst": [
        0.19162,
        0.1,
        0.28
      ],
      "frac_changed_earliest": [
        0.18952000000000002,
        0.11,
        0.29
      ],
      "cascade_lift_by_gap": {
        "gap_1": [
          0.026751332887534934,
          -0.2222222222222222,
          0.2857142857142857
        ],
        "gap_2_4": [
          0.03383971233498859,
          -0.10714285714285714,
          0.21308876811594182
        ],
        "gap_5p": [
          -0.0330309381284425,
          -0.2,
          0.0
        ],
        "gap_negzero": [
          0.0023377175825680463,
          0.0,
          0.039933018124507356
        ]
      }
    },
    "marg__a0.1": {
      "n_boot": 500,
      "vanilla_acc": [
        0.419,
        0.31,
        0.54
      ],
      "K4_worst_acc": [
        0.47024,
        0.36,
        0.59
      ],
      "K4_earliest_acc": [
        0.44558000000000003,
        0.33,
        0.5652499999999998
      ],
      "lift_earliest_vs_worst": [
        -0.02466,
        -0.07,
        0.020000000000000018
      ],
      "frac_changed_worst": [
        0.19606,
        0.12,
        0.3
      ],
      "frac_changed_earliest": [
        0.13388,
        0.06,
        0.23524999999999976
      ],
      "cascade_lift_by_gap": {
        "gap_1": [
          -0.10616788514515788,
          -0.5702380952380952,
          0.0
        ],
        "gap_2_4": [
          0.0024669210370975264,
          -0.4861111111111111,
          0.5
        ],
        "gap_5p": [
          -0.0870245165560848,
          -0.6,
          0.0
        ],
        "gap_negzero": [
          -0.000856362798532072,
          -0.010714285714285685,
          0.0
        ]
      }
    },
    "marg__a0.3": {
      "n_boot": 500,
      "vanilla_acc": [
        0.42352000000000006,
        0.31,
        0.54
      ],
      "K4_worst_acc": [
        0.47346000000000005,
        0.35475,
        0.59
      ],