{
  "model": "Qwen/Qwen2.5-32B-Instruct",
  "tag": "qwen25_32b",
  "dataset": "math500",
  "n": 200,
  "vanilla_acc_pointwise": 0.78,
  "n_alts_locs": 583,
  "by_score_alpha": {
    "lp__a0.1": {
      "n_boot": 500,
      "vanilla_acc": [
        0.77608,
        0.67,
        0.87
      ],
      "K4_worst_acc": [
        0.7833600000000001,
        0.68,
        0.88
      ],
      "K4_earliest_acc": [
        0.77324,
        0.67,
        0.87
      ],
      "lift_earliest_vs_worst": [
        -0.010119999999999997,
        -0.040000000000000036,
        0.020000000000000018
      ],
      "frac_changed_worst": [
        0.0707,
        0.02,
        0.14
      ],
      "frac_changed_earliest": [
        0.059340000000000004,
        0.01,
        0.13
      ],
      "cascade_lift_by_gap": {
        "gap_1": [
          0.07555020918330271,
          0.0,
          1.0
        ],
        "gap_2_4": [
          0.0,
          0.0,
          0.0
        ],
        "gap_5p": [
          -0.12536338854902584,
          -0.5878571428571429,
          0.0
        ],
        "gap_negzero": [
          -0.006953544785518719,
          -0.05838679245283018,
          0.021827651515151474
        ]
      }
    },
    "lp__a0.3": {
      "n_boot": 500,
      "vanilla_acc": [
        0.7811800000000001,
        0.68,
        0.8752499999999998
      ],
      "K4_worst_acc": [
        0.7859400000000001,
        0.68,
        0.88
      ],
      "K4_earliest_acc": [
        0.7962400000000001,
        0.69,
        0.89
      ],
      "lift_earliest_vs_worst": [
        0.010299999999999998,
        -0.020000000000000018,
        0.04999999999999993
      ],
      "frac_changed_worst": [
        0.06826000000000002,
        0.01,
        0.14
      ],
      "frac_changed_earliest": [
        0.08598000000000001,
        0.024750000000000015,
        0.15
      ],
      "cascade_lift_by_gap": {
        "gap_1": [
          0.029627762658298817,
          0.0,
          0.30461538461538434
        ],
        "gap_2_4": [
          0.031681463004736884,
          0.0,
          0.16666666666666666
        ],
        "gap_5p": [
          0.003857935414869053,
          -0.17647058823529413,
          0.2
        ],
        "gap_negzero": [
          0.0038276247347827958,
          0.0,
          0.038512763596004404
        ]
      }
    },
    "lp__a0.5": {
      "n_boot": 500,
      "vanilla_acc": [
        0.7785400000000001,
        0.68,
        0.8752499999999998
      ],
      "K4_worst_acc": [
        0.78334,
        0.69,
        0.88
      ],
      "K4_earliest_acc": [
        0.8051599999999999,
        0.71475,
        0.9
      ],
      "lift_earliest_vs_worst": [
        0.02182,
        0.0,
        0.07
      ],
      "frac_changed_worst": [
        0.06804,
        0.014750000000000015,
        0.14
      ],
      "frac_changed_earliest": [
        0.09564000000000002,
        0.03,
        0.18
      ],
      "cascade_lift_by_gap": {
        "gap_1": [
          0.06213452821688115,
          0.0,
          0.3333333333333333
        ],
        "gap_2_4": [
          0.010743354330110932,
          0.0,
          0.11486263736263734
        ],
        "gap_5p": [
          0.07227721525050562,
          0.0,
          0.25
        ],
        "gap_negzero": [
          0.0,
          0.0,
          0.0
        ]
      }
    },
    "ent_neg__a0.1": {
      "n_boot": 500,
      "vanilla_acc": [
        0.7816599999999998,
        0.67,
        0.88
      ],
      "K4_worst_acc": [
        0.78582,
        0.69,
        0.88
      ],
      "K4_earliest_acc": [
        0.78236,
        0.68,
        0.88
      ],
      "lift_earliest_vs_worst": [
        -0.0034599999999999982,
        -0.030000000000000027,
        0.020000000000000018
      ],
      "frac_changed_worst": [
        0.060520000000000004,
        0.01,
        0.12
      ],
      "frac_changed_earliest": [
        0.06494,
        0.01,
        0.13
      ],
      "cascade_lift_by_gap": {
        "gap_1": [
          0.03936316695352841,
          0.0,
          0.5
        ],
        "gap_2_4": [
          0.0174403206221388,
          0.0,
          0.25
        ],
        "gap_5p": [
          -0.011659009924316047,
          -0.24374999999999997,
          0.0
        ],
        "gap_negzero": [
          0.0001183920753314186,
          -0.02762066365007541,
          0.030303030303030304
        ]
      }
    },
    "ent_neg__a0.3": {
      "n_boot": 500,
      "vanilla_acc": [
        0.7785799999999999,
        0.67,
        0.87
      ],
      "K4_worst_acc": [
        0.78456,
        0.68,
        0.8652499999999997
      ],
      "K4_earliest_acc": [
        0.7904,
        0.69,
        0.8752499999999998
      ],
      "lift_earliest_vs_worst": [
        0.005840000000000001,
        -0.020000000000000018,
        0.040000000000000036
      ],
      "frac_changed_worst": [
        0.06126,
        0.02,
        0.1352499999999998
      ],
      "frac_changed_earliest": [
        0.08880000000000002,
        0.03,
        0.16
      ],
      "cascade_lift_by_gap": {
        "gap_1": [
          0.028838855356596717,
          0.0,
          0.2727272727272727
        ],
        "gap_2_4": [
          0.033353960659746766,
          0.0,
          0.2
        ],
        "gap_5p": [
          0.02728791067696506,
          0.0,
          0.2
        ],
        "gap_negzero": [
          -0.0016308217994308774,
          -0.029439757733073762,
          0.0
        ]
      }
    },
    "ent_neg__a0.5": {
      "n_boot": 500,
      "vanilla_acc": [
        0.7767000000000001,
        0.67,
        0.87
      ],
      "K4_worst_acc": [
        0.78408,
        0.69,
        0.88
      ],
      "K4_earliest_acc": [
        0.8017799999999999,
        0.71,
        0.89
      ],
      "lift_earliest_vs_worst": [
        0.017700000000000004,
        0.0,
        0.050000000000000044
      ],
      "frac_changed_worst": [
        0.060980000000000006,
        0.01,
        0.13
      ],
      "frac_changed_earliest": [
        0.10682000000000001,
        0.04,
        0.19
      ],
      "cascade_lift_by_gap": {
        "gap_1": [
          0.05813414743158486,
          0.0,
          0.3572916666666662
        ],
        "gap_2_4": [
          0.016574776455535727,
          0.0,
          0.0984677419354838
        ],
        "gap_5p": [
          0.047273684243911304,
          0.0,
          0.2430147058823526
        ],
        "gap_negzero": [
          0.0008960692656778207,
          0.0,
          0.019573863636363577
        ]
      }
    },
    "marg__a0.1": {
      "n_boot": 500,
      "vanilla_acc": [
        0.77932,
        0.6647500000000001,
        0.87
      ],
      "K4_worst_acc": [
        0.7884800000000001,
        0.68,
        0.88
      ],
      "K4_earliest_acc": [
        0.77732,
        0.67,
        0.87
      ],
      "lift_earliest_vs_worst": [
        -0.01116,
        -0.050000000000000044,
        0.019999999999999907
      ],
      "frac_changed_worst": [
        0.0719,
        0.02,
        0.14
      ],
      "frac_changed_earliest": [
        0.0567,
        0.01,
        0.12
      ],
      "cascade_lift_by_gap": {
        "gap_1": [
          0.07190334790837302,
          0.0,
          1.0
        ],
        "gap_2_4": [
          0.0007311237149946827,
          0.0,
          0.0
        ],
        "gap_5p": [
          -0.09173427738242552,
          -0.6666666666666666,
          0.0
        ],
        "gap_negzero": [
          -0.0007016971516971516,
          0.0,
          0.0
        ]
      }
    },
    "marg__a0.3": {
      "n_boot": 500,
      "vanilla_acc": [
        0.7827999999999999,
        0.68,
        0.88
      ],
      "K4_worst_acc": [
        0.79186,
        0.69,
        0.88
      ],
      "K4_earliest_acc": [
        0.8007000000000001,
        0.7,
        0.89
      ],