{
  "model": "Qwen/Qwen2.5-Math-7B-Instruct",
  "tag": "qwen25_math_7b",
  "dataset": "math500",
  "n": 200,
  "vanilla_acc_pointwise": 0.74,
  "n_alts_locs": 593,
  "by_score_alpha": {
    "lp__a0.1": {
      "n_boot": 500,
      "vanilla_acc": [
        0.7369600000000001,
        0.62,
        0.8452499999999997
      ],
      "K4_worst_acc": [
        0.7829400000000001,
        0.6747500000000001,
        0.88
      ],
      "K4_earliest_acc": [
        0.76064,
        0.65,
        0.86
      ],
      "lift_earliest_vs_worst": [
        -0.022299999999999997,
        -0.06000000000000005,
        0.0
      ],
      "frac_changed_worst": [
        0.10078,
        0.04,
        0.18
      ],
      "frac_changed_earliest": [
        0.07932000000000002,
        0.02,
        0.15
      ],
      "cascade_lift_by_gap": {
        "gap_1": [
          0.0,
          0.0,
          0.0
        ],
        "gap_2_4": [
          0.0,
          0.0,
          0.0
        ],
        "gap_5p": [
          -0.017667902613457197,
          -0.25,
          0.0
        ],
        "gap_negzero": [
          -0.0018582496654265832,
          -0.02794117647058823,
          0.0
        ]
      }
    },
    "lp__a0.3": {
      "n_boot": 500,
      "vanilla_acc": [
        0.7392,
        0.63475,
        0.8352499999999997
      ],
      "K4_worst_acc": [
        0.7845799999999999,
        0.69,
        0.88
      ],
      "K4_earliest_acc": [
        0.76254,
        0.65475,
        0.86
      ],
      "lift_earliest_vs_worst": [
        -0.02204,
        -0.06000000000000005,
        0.0
      ],
      "frac_changed_worst": [
        0.09826,
        0.04,
        0.17
      ],
      "frac_changed_earliest": [
        0.08534,
        0.03,
        0.15524999999999978
      ],
      "cascade_lift_by_gap": {
        "gap_1": [
          -0.0004056795131845842,
          0.0,
          0.0
        ],
        "gap_2_4": [
          -0.0004107142857142857,
          0.0,
          0.0
        ],
        "gap_5p": [
          -0.04327443120052261,
          -0.21428571428571427,
          0.0
        ],
        "gap_negzero": [
          -0.018633111658586887,
          -0.08,
          0.0
        ]
      }
    },
    "lp__a0.5": {
      "n_boot": 500,
      "vanilla_acc": [
        0.74002,
        0.63,
        0.84
      ],
      "K4_worst_acc": [
        0.7843600000000001,
        0.68,
        0.88
      ],
      "K4_earliest_acc": [
        0.7675599999999999,
        0.66,
        0.86
      ],
      "lift_earliest_vs_worst": [
        -0.016799999999999995,
        -0.050000000000000044,
        0.0
      ],
      "frac_changed_worst": [
        0.09726000000000001,
        0.04,
        0.17
      ],
      "frac_changed_earliest": [
        0.06738000000000001,
        0.01,
        0.13
      ],
      "cascade_lift_by_gap": {
        "gap_1": [
          0.0,
          0.0,
          0.0
        ],
        "gap_2_4": [
          0.0,
          0.0,
          0.0
        ],
        "gap_5p": [
          -0.04283356115543164,
          -0.17525575447570332,
          0.0
        ],
        "gap_negzero": [
          -0.006468417449528102,
          -0.044444444444444446,
          0.0
        ]
      }
    },
    "ent_neg__a0.1": {
      "n_boot": 500,
      "vanilla_acc": [
        0.74184,
        0.63475,
        0.83
      ],
      "K4_worst_acc": [
        0.78674,
        0.69,
        0.88
      ],
      "K4_earliest_acc": [
        0.77294,
        0.67,
        0.86
      ],
      "lift_earliest_vs_worst": [
        -0.013800000000000002,
        -0.050000000000000044,
        0.020000000000000018
      ],
      "frac_changed_worst": [
        0.1053,
        0.03,
        0.18
      ],
      "frac_changed_earliest": [
        0.08936000000000001,
        0.03,
        0.16
      ],
      "cascade_lift_by_gap": {
        "gap_1": [
          0.0,
          0.0,
          0.0
        ],
        "gap_2_4": [
          0.0,
          0.0,
          0.0
        ],
        "gap_5p": [
          -0.009377435078837884,
          -0.12333333333333331,
          0.0
        ],
        "gap_negzero": [
          -0.0034196667476772227,
          -0.04497474747474747,
          0.0
        ]
      }
    },
    "ent_neg__a0.3": {
      "n_boot": 500,
      "vanilla_acc": [
        0.7388599999999999,
        0.63,
        0.83
      ],
      "K4_worst_acc": [
        0.78236,
        0.69,
        0.87
      ],
      "K4_earliest_acc": [
        0.76738,
        0.67,
        0.85
      ],
      "lift_earliest_vs_worst": [
        -0.014979999999999997,
        -0.06000000000000005,
        0.020000000000000018
      ],
      "frac_changed_worst": [
        0.10544000000000002,
        0.04,
        0.18
      ],
      "frac_changed_earliest": [
        0.08188000000000001,
        0.02,
        0.15
      ],
      "cascade_lift_by_gap": {
        "gap_1": [
          0.0,
          0.0,
          0.0
        ],
        "gap_2_4": [
          0.0,
          0.0,
          0.0
        ],
        "gap_5p": [
          -0.018899589781318858,
          -0.16666666666666666,
          0.0
        ],
        "gap_negzero": [
          -0.01651429912653955,
          -0.07925490196078432,
          0.0
        ]
      }
    },
    "ent_neg__a0.5": {
      "n_boot": 500,
      "vanilla_acc": [
        0.74046,
        0.62475,
        0.84
      ],
      "K4_worst_acc": [
        0.78442,
        0.68475,
        0.88
      ],
      "K4_earliest_acc": [
        0.77088,
        0.67,
        0.87
      ],
      "lift_earliest_vs_worst": [
        -0.013540000000000003,
        -0.050000000000000044,
        0.0
      ],
      "frac_changed_worst": [
        0.10562,
        0.04,
        0.19
      ],
      "frac_changed_earliest": [
        0.07336000000000001,
        0.02,
        0.14
      ],
      "cascade_lift_by_gap": {
        "gap_1": [
          0.0,
          0.0,
          0.0
        ],
        "gap_2_4": [
          -0.0004926470588235294,
          0.0,
          0.0
        ],
        "gap_5p": [
          -0.04935769625842065,
          -0.22293956043956042,
          0.0
        ],
        "gap_negzero": [
          -0.0011563754787353756,
          -0.019634615384615386,
          0.0
        ]
      }
    },
    "marg__a0.1": {
      "n_boot": 500,
      "vanilla_acc": [
        0.7383,
        0.62475,
        0.83
      ],
      "K4_worst_acc": [
        0.79044,
        0.69,
        0.88
      ],
      "K4_earliest_acc": [
        0.76934,
        0.66,
        0.86
      ],
      "lift_earliest_vs_worst": [
        -0.0211,
        -0.06000000000000005,
        0.0
      ],
      "frac_changed_worst": [
        0.10182000000000002,
        0.04,
        0.18
      ],
      "frac_changed_earliest": [
        0.07604000000000001,
        0.02,
        0.15
      ],
      "cascade_lift_by_gap": {
        "gap_1": [
          0.0,
          0.0,
          0.0
        ],
        "gap_2_4": [
          0.0,
          0.0,
          0.0
        ],
        "gap_5p": [
          -0.05260497789067247,
          -0.31749999999999995,
          0.0
        ],
        "gap_negzero": [
          0.0,
          0.0,
          0.0
        ]
      }
    },
    "marg__a0.3": {
      "n_boot": 500,
      "vanilla_acc": [
        0.74026,
        0.63,
        0.83
      ],
      "K4_worst_acc": [
        0.7908200000000001,
        0.69,
        0.8852499999999998
      ],
      "K4_earliest_acc": [
        0.77828,
        0.68,
        0.87
      ],
      "lift_earliest_vs_worst": [
        -0.012539999999999999,
        -0.050000000000000044,
        0.0
      ],
      "frac_changed_worst": [
        0.09902000000000001,
        0.04,
        0.17524999999999977
      ],
      "frac_changed_earliest": [
        0.08424000000000001,
        0.024750000000000015,
        0.15
      ],