{
  "model": "Qwen/Qwen2.5-32B-Instruct",
  "tag": "qwen25_32b",
  "dataset": "aime",
  "n": 200,
  "vanilla_acc_pointwise": 0.375,
  "n_alts_locs": 709,
  "by_score_alpha": {
    "lp__a0.1": {
      "n_boot": 500,
      "vanilla_acc": [
        0.3748,
        0.27,
        0.49524999999999975
      ],
      "K4_worst_acc": [
        0.4359,
        0.33,
        0.56
      ],
      "K4_earliest_acc": [
        0.40879999999999994,
        0.3,
        0.53
      ],
      "lift_earliest_vs_worst": [
        -0.027100000000000003,
        -0.08000000000000002,
        0.020000000000000018
      ],
      "frac_changed_worst": [
        0.19878,
        0.11,
        0.2852499999999998
      ],
      "frac_changed_earliest": [
        0.14356,
        0.07,
        0.24
      ],
      "cascade_lift_by_gap": {
        "gap_1": [
          -0.09241724262132424,
          -0.5,
          0.0
        ],
        "gap_2_4": [
          -0.017105677548001828,
          -0.16666666666666666,
          0.0
        ],
        "gap_5p": [
          0.0009314582888557939,
          -0.3333333333333333,
          0.4388888888888885
        ],
        "gap_negzero": [
          -0.008281481066419207,
          -0.06,
          0.016967329545454487
        ]
      }
    },
    "lp__a0.3": {
      "n_boot": 500,
      "vanilla_acc": [
        0.37932,
        0.26,
        0.49
      ],
      "K4_worst_acc": [
        0.43981999999999993,
        0.33,
        0.5552499999999998
      ],
      "K4_earliest_acc": [
        0.40964000000000006,
        0.3,
        0.52
      ],
      "lift_earliest_vs_worst": [
        -0.03018,
        -0.08000000000000004,
        0.019999999999999962
      ],
      "frac_changed_worst": [
        0.20172,
        0.11,
        0.3
      ],
      "frac_changed_earliest": [
        0.16813999999999998,
        0.09,
        0.26524999999999976
      ],
      "cascade_lift_by_gap": {
        "gap_1": [
          -0.13202970271874448,
          -0.5,
          0.0
        ],
        "gap_2_4": [
          -0.04611105629942441,
          -0.20552631578947367,
          0.0
        ],
        "gap_5p": [
          -0.07779898628909977,
          -0.32343749999999993,
          0.1397727272727271
        ],
        "gap_negzero": [
          0.007318066216060381,
          0.0,
          0.057175253991291704
        ]
      }
    },
    "lp__a0.5": {
      "n_boot": 500,
      "vanilla_acc": [
        0.37636000000000003,
        0.26,
        0.49
      ],
      "K4_worst_acc": [
        0.43729999999999997,
        0.32,
        0.5652499999999998
      ],
      "K4_earliest_acc": [
        0.42798,
        0.31,
        0.55
      ],
      "lift_earliest_vs_worst": [
        -0.00932,
        -0.08999999999999997,
        0.06
      ],
      "frac_changed_worst": [
        0.2037,
        0.12,
        0.3
      ],
      "frac_changed_earliest": [
        0.20107999999999998,
        0.11,
        0.31
      ],
      "cascade_lift_by_gap": {
        "gap_1": [
          -0.15440479647892824,
          -0.5555555555555556,
          0.0
        ],
        "gap_2_4": [
          0.03964658054317412,
          -0.11265756302521007,
          0.2331447963800904
        ],
        "gap_5p": [
          -0.011860151328254385,
          -0.2291083916083916,
          0.2076508620689655
        ],
        "gap_negzero": [
          -5e-05,
          0.0,
          0.0
        ]
      }
    },
    "ent_neg__a0.1": {
      "n_boot": 500,
      "vanilla_acc": [
        0.37386,
        0.27,
        0.5
      ],
      "K4_worst_acc": [
        0.44394000000000006,
        0.34,
        0.56
      ],
      "K4_earliest_acc": [
        0.40170000000000006,
        0.29,
        0.52
      ],
      "lift_earliest_vs_worst": [
        -0.04224,
        -0.09999999999999998,
        0.005249999999999777
      ],
      "frac_changed_worst": [
        0.21320000000000003,
        0.12,
        0.32
      ],
      "frac_changed_earliest": [
        0.13138,
        0.06,
        0.21
      ],
      "cascade_lift_by_gap": {
        "gap_1": [
          -0.11813744069841631,
          -0.5714285714285714,
          0.0
        ],
        "gap_2_4": [
          -0.028263519228561632,
          -0.2075,
          0.0
        ],
        "gap_5p": [
          -0.010759167123366109,
          -0.3333333333333333,
          0.3333333333333333
        ],
        "gap_negzero": [
          -0.0162205144824617,
          -0.06818181818181818,
          0.0
        ]
      }
    },
    "ent_neg__a0.3": {
      "n_boot": 500,
      "vanilla_acc": [
        0.37544,
        0.26,
        0.49
      ],
      "K4_worst_acc": [
        0.44595999999999997,
        0.34,
        0.56
      ],
      "K4_earliest_acc": [
        0.41476,
        0.3,
        0.53
      ],
      "lift_earliest_vs_worst": [
        -0.031200000000000002,
        -0.09000000000000002,
        0.030000000000000027
      ],
      "frac_changed_worst": [
        0.20888,
        0.12,
        0.31524999999999975
      ],
      "frac_changed_earliest": [
        0.1715,
        0.1,
        0.26
      ],
      "cascade_lift_by_gap": {
        "gap_1": [
          -0.11072457588227518,
          -0.43730158730158725,
          0.0
        ],
        "gap_2_4": [
          -0.03621874052335159,
          -0.2125,
          0.1111111111111111
        ],
        "gap_5p": [
          -0.014162758729922535,
          -0.29720588235294115,
          0.29012605042016787
        ],
        "gap_negzero": [
          -0.01522308332463605,
          -0.06859326018808777,
          0.0
        ]
      }
    },
    "ent_neg__a0.5": {
      "n_boot": 500,
      "vanilla_acc": [
        0.37796,
        0.27,
        0.49
      ],
      "K4_worst_acc": [
        0.44653999999999994,
        0.33,
        0.5652499999999998
      ],
      "K4_earliest_acc": [
        0.43986000000000003,
        0.32,
        0.5552499999999998
      ],
      "lift_earliest_vs_worst": [
        -0.0066799999999999984,
        -0.08000000000000002,
        0.06
      ],
      "frac_changed_worst": [
        0.20672000000000001,
        0.12,
        0.3
      ],
      "frac_changed_earliest": [
        0.19807999999999998,
        0.11,
        0.3
      ],
      "cascade_lift_by_gap": {
        "gap_1": [
          -0.11248384280912548,
          -0.4,
          0.0
        ],
        "gap_2_4": [
          0.019579723972615908,
          -0.1570769230769231,
          0.1906754032258063
        ],
        "gap_5p": [
          0.020095368663340333,
          -0.19547619047619047,
          0.24086538461538418
        ],
        "gap_negzero": [
          -0.0018519498750244987,
          -0.024390243902439025,
          0.0
        ]
      }
    },
    "marg__a0.1": {
      "n_boot": 500,
      "vanilla_acc": [
        0.37824,
        0.27,
        0.5
      ],
      "K4_worst_acc": [
        0.4168,
        0.29,
        0.54
      ],
      "K4_earliest_acc": [
        0.39836,
        0.29,
        0.52
      ],
      "lift_earliest_vs_worst": [
        -0.018439999999999998,
        -0.07,
        0.02999999999999997
      ],
      "frac_changed_worst": [
        0.21192000000000003,
        0.12,
        0.31
      ],
      "frac_changed_earliest": [
        0.12296000000000001,
        0.05,
        0.21
      ],
      "cascade_lift_by_gap": {
        "gap_1": [
          -0.09681868815480506,
          -0.6666666666666666,
          0.0
        ],
        "gap_2_4": [
          0.003505801171652564,
          -0.25,
          0.25
        ],
        "gap_5p": [
          -0.045565099126403164,
          -0.3333333333333333,
          0.05954861111111103
        ],
        "gap_negzero": [
          -0.0026127403180483686,
          -0.047619047619047616,
          0.0
        ]
      }
    },
    "marg__a0.3": {
      "n_boot": 500,
      "vanilla_acc": [
        0.37189999999999995,
        0.26,
        0.49
      ],