{
  "model": "Qwen/Qwen2.5-32B-Instruct",
  "tag": "qwen25_32b",
  "dataset": "olympiad",
  "n": 200,
  "vanilla_acc_pointwise": 0.445,
  "n_alts_locs": 666,
  "by_score_alpha": {
    "lp__a0.1": {
      "n_boot": 500,
      "vanilla_acc": [
        0.4487,
        0.33,
        0.5652499999999998
      ],
      "K4_worst_acc": [
        0.4927,
        0.37,
        0.6052499999999997
      ],
      "K4_earliest_acc": [
        0.48144000000000003,
        0.36,
        0.6
      ],
      "lift_earliest_vs_worst": [
        -0.011260000000000001,
        -0.07000000000000006,
        0.04999999999999999
      ],
      "frac_changed_worst": [
        0.22207999999999997,
        0.13,
        0.32
      ],
      "frac_changed_earliest": [
        0.1402,
        0.06,
        0.23
      ],
      "cascade_lift_by_gap": {
        "gap_1": [
          0.0014814814814814814,
          0.0,
          0.0
        ],
        "gap_2_4": [
          0.09678997141785901,
          -0.3333333333333333,
          1.0
        ],
        "gap_5p": [
          -0.0047208949547184855,
          -0.5,
          0.4
        ],
        "gap_negzero": [
          -0.005794307182142258,
          -0.058823529411764705,
          0.0
        ]
      }
    },
    "lp__a0.3": {
      "n_boot": 500,
      "vanilla_acc": [
        0.44820000000000004,
        0.32,
        0.56
      ],
      "K4_worst_acc": [
        0.49378,
        0.37475,
        0.61
      ],
      "K4_earliest_acc": [
        0.49368000000000006,
        0.37,
        0.62
      ],
      "lift_earliest_vs_worst": [
        -0.00010000000000000009,
        -0.06,
        0.050000000000000044
      ],
      "frac_changed_worst": [
        0.21798,
        0.11,
        0.31
      ],
      "frac_changed_earliest": [
        0.22132,
        0.12,
        0.32
      ],
      "cascade_lift_by_gap": {
        "gap_1": [
          -0.056007350159881446,
          -0.42857142857142855,
          0.0
        ],
        "gap_2_4": [
          0.036255036594662345,
          -0.12150735294117646,
          0.21052631578947367
        ],
        "gap_5p": [
          -0.030139631164248157,
          -0.3333333333333333,
          0.2159161490683229
        ],
        "gap_negzero": [
          0.001525819171543277,
          0.0,
          0.02533653846153845
        ]
      }
    },
    "lp__a0.5": {
      "n_boot": 500,
      "vanilla_acc": [
        0.44642000000000004,
        0.33,
        0.5652499999999998
      ],
      "K4_worst_acc": [
        0.49236,
        0.38,
        0.61
      ],
      "K4_earliest_acc": [
        0.47886,
        0.37,
        0.5852499999999997
      ],
      "lift_earliest_vs_worst": [
        -0.013500000000000002,
        -0.07000000000000006,
        0.040000000000000036
      ],
      "frac_changed_worst": [
        0.22124000000000002,
        0.12,
        0.31524999999999975
      ],
      "frac_changed_earliest": [
        0.2357,
        0.13,
        0.34
      ],
      "cascade_lift_by_gap": {
        "gap_1": [
          -0.05434279271087119,
          -0.2795454545454545,
          0.0
        ],
        "gap_2_4": [
          0.03075679117433502,
          -0.13195652173913042,
          0.1914377289377289
        ],
        "gap_5p": [
          -0.07749813498473464,
          -0.3,
          0.1293749999999998
        ],
        "gap_negzero": [
          0.0,
          0.0,
          0.0
        ]
      }
    },
    "ent_neg__a0.1": {
      "n_boot": 500,
      "vanilla_acc": [
        0.4432,
        0.33,
        0.56
      ],
      "K4_worst_acc": [
        0.49898000000000003,
        0.38,
        0.61
      ],
      "K4_earliest_acc": [
        0.47650000000000003,
        0.36,
        0.59
      ],
      "lift_earliest_vs_worst": [
        -0.022480000000000003,
        -0.07525,
        0.03
      ],
      "frac_changed_worst": [
        0.22863999999999998,
        0.14,
        0.32524999999999976
      ],
      "frac_changed_earliest": [
        0.13584000000000002,
        0.06,
        0.22
      ],
      "cascade_lift_by_gap": {
        "gap_1": [
          0.0,
          0.0,
          0.0
        ],
        "gap_2_4": [
          -0.03261484078392792,
          -0.5,
          0.4974999999999966
        ],
        "gap_5p": [
          -0.06412462789682194,
          -0.5,
          0.30442307692307685
        ],
        "gap_negzero": [
          -0.0005345201177654978,
          -0.0455297157622739,
          0.04709302325581392
        ]
      }
    },
    "ent_neg__a0.3": {
      "n_boot": 500,
      "vanilla_acc": [
        0.44208000000000003,
        0.32,
        0.56
      ],
      "K4_worst_acc": [
        0.49378,
        0.37,
        0.62
      ],
      "K4_earliest_acc": [
        0.48125999999999997,
        0.36,
        0.61
      ],
      "lift_earliest_vs_worst": [
        -0.01252,
        -0.060000000000000026,
        0.030000000000000027
      ],
      "frac_changed_worst": [
        0.22928,
        0.13475000000000004,
        0.33
      ],
      "frac_changed_earliest": [
        0.21336000000000002,
        0.12,
        0.31
      ],
      "cascade_lift_by_gap": {
        "gap_1": [
          -0.09877639388130958,
          -0.5,
          0.0
        ],
        "gap_2_4": [
          0.0059138103620130136,
          -0.17927807486631017,
          0.20749999999999968
        ],
        "gap_5p": [
          -0.04251425054816359,
          -0.3012443438914027,
          0.19136363636363596
        ],
        "gap_negzero": [
          0.0010203987037539922,
          0.0,
          0.03151041666666665
        ]
      }
    },
    "ent_neg__a0.5": {
      "n_boot": 500,
      "vanilla_acc": [
        0.44378,
        0.32,
        0.5552499999999998
      ],
      "K4_worst_acc": [
        0.49784,
        0.38,
        0.61
      ],
      "K4_earliest_acc": [
        0.47317999999999993,
        0.36,
        0.58
      ],
      "lift_earliest_vs_worst": [
        -0.024659999999999998,
        -0.08999999999999997,
        0.030000000000000027
      ],
      "frac_changed_worst": [
        0.23342000000000002,
        0.14,
        0.34
      ],
      "frac_changed_earliest": [
        0.23954,
        0.14,
        0.3452499999999998
      ],
      "cascade_lift_by_gap": {
        "gap_1": [
          -0.05477011504651476,
          -0.3,
          0.0
        ],
        "gap_2_4": [
          -0.0008413211275129538,
          -0.2,
          0.17047101449275345
        ],
        "gap_5p": [
          -0.10085076482547117,
          -0.3333333333333333,
          0.09773809523809512
        ],
        "gap_negzero": [
          0.0,
          0.0,
          0.0
        ]
      }
    },
    "marg__a0.1": {
      "n_boot": 500,
      "vanilla_acc": [
        0.44630000000000003,
        0.33,
        0.57
      ],
      "K4_worst_acc": [
        0.49254,
        0.38,
        0.61
      ],
      "K4_earliest_acc": [
        0.46938,
        0.35,
        0.59
      ],
      "lift_earliest_vs_worst": [
        -0.023160000000000004,
        -0.09,
        0.02999999999999997
      ],
      "frac_changed_worst": [
        0.21614,
        0.12475000000000001,
        0.31
      ],
      "frac_changed_earliest": [
        0.13628,
        0.06,
        0.23
      ],
      "cascade_lift_by_gap": {
        "gap_1": [
          0.0,
          0.0,
          0.0
        ],
        "gap_2_4": [
          -0.10074079960443597,
          -0.6666666666666666,
          0.0
        ],
        "gap_5p": [
          0.034500886776708324,
          -0.3333333333333333,
          0.42857142857142855
        ],
        "gap_negzero": [
          -0.0028882567354129828,
          -0.08085714285714285,
          0.05273735273735267
        ]
      }
    },
    "marg__a0.3": {
      "n_boot": 500,
      "vanilla_acc": [
        0.44838,
        0.33,
        0.5652499999999998
      ],