{
  "model": "Qwen/Qwen2.5-7B-Instruct",
  "tag": "qwen25_7b",
  "dataset": "aime",
  "n": 200,
  "vanilla_acc_pointwise": 0.245,
  "n_alts_locs": 585,
  "by_score_alpha": {
    "lp__a0.1": {
      "n_boot": 500,
      "vanilla_acc": [
        0.24286000000000002,
        0.15,
        0.34
      ],
      "K4_worst_acc": [
        0.30158,
        0.19475000000000003,
        0.41524999999999973
      ],
      "K4_earliest_acc": [
        0.28758000000000006,
        0.19,
        0.4052499999999998
      ],
      "lift_earliest_vs_worst": [
        -0.014,
        -0.07,
        0.03999999999999998
      ],
      "frac_changed_worst": [
        0.18938,
        0.1,
        0.29
      ],
      "frac_changed_earliest": [
        0.16042,
        0.07,
        0.26
      ],
      "cascade_lift_by_gap": {
        "gap_1": [
          -0.002422765076453601,
          -0.27946428571428567,
          0.25
        ],
        "gap_2_4": [
          0.029241883881512366,
          -0.1875,
          0.2795454545454542
        ],
        "gap_5p": [
          0.024270417294857214,
          0.0,
          0.3333333333333333
        ],
        "gap_negzero": [
          0.008670173418978105,
          -0.041728180633955704,
          0.06455827937095279
        ]
      }
    },
    "lp__a0.3": {
      "n_boot": 500,
      "vanilla_acc": [
        0.25014,
        0.15,
        0.36
      ],
      "K4_worst_acc": [
        0.30978,
        0.20475000000000002,
        0.42
      ],
      "K4_earliest_acc": [
        0.3043,
        0.19475000000000003,
        0.42
      ],
      "lift_earliest_vs_worst": [
        -0.005479999999999999,
        -0.06,
        0.04999999999999999
      ],
      "frac_changed_worst": [
        0.18314,
        0.1,
        0.28
      ],
      "frac_changed_earliest": [
        0.21948,
        0.13,
        0.31524999999999975
      ],
      "cascade_lift_by_gap": {
        "gap_1": [
          0.01836675039614668,
          -0.25,
          0.3
        ],
        "gap_2_4": [
          0.004815279662028577,
          -0.18480113636363635,
          0.2
        ],
        "gap_5p": [
          0.006283085271324908,
          0.0,
          0.11875000000000016
        ],
        "gap_negzero": [
          -0.010372163702795029,
          -0.07197204968944099,
          0.0453418803418803
        ]
      }
    },
    "lp__a0.5": {
      "n_boot": 500,
      "vanilla_acc": [
        0.24662,
        0.15,
        0.34
      ],
      "K4_worst_acc": [
        0.30524,
        0.2,
        0.42
      ],
      "K4_earliest_acc": [
        0.32376,
        0.22,
        0.43524999999999975
      ],
      "lift_earliest_vs_worst": [
        0.018520000000000002,
        -0.03999999999999998,
        0.08000000000000002
      ],
      "frac_changed_worst": [
        0.18218,
        0.09475000000000001,
        0.28
      ],
      "frac_changed_earliest": [
        0.24766000000000002,
        0.15,
        0.35
      ],
      "cascade_lift_by_gap": {
        "gap_1": [
          0.04883475822012301,
          -0.1875,
          0.3333333333333333
        ],
        "gap_2_4": [
          0.039195311424418976,
          -0.12588235294117645,
          0.2114583333333332
        ],
        "gap_5p": [
          0.00061459379166473,
          -0.18636363636363634,
          0.17757352941176466
        ],
        "gap_negzero": [
          0.007409077481711724,
          -0.00833333333333331,
          0.05263157894736842
        ]
      }
    },
    "ent_neg__a0.1": {
      "n_boot": 500,
      "vanilla_acc": [
        0.24506,
        0.15,
        0.35
      ],
      "K4_worst_acc": [
        0.32008,
        0.21,
        0.43
      ],
      "K4_earliest_acc": [
        0.29320000000000007,
        0.2,
        0.4
      ],
      "lift_earliest_vs_worst": [
        -0.026879999999999998,
        -0.08000000000000002,
        0.02999999999999997
      ],
      "frac_changed_worst": [
        0.20144,
        0.11,
        0.3
      ],
      "frac_changed_earliest": [
        0.15364000000000003,
        0.07,
        0.26
      ],
      "cascade_lift_by_gap": {
        "gap_1": [
          -0.0324351602213048,
          -0.42857142857142855,
          0.2857142857142857
        ],
        "gap_2_4": [
          0.06498051062284807,
          0.0,
          0.40617647058823503
        ],
        "gap_5p": [
          0.04152712689298055,
          0.0,
          0.3718749999999996
        ],
        "gap_negzero": [
          -0.012361635054444632,
          -0.07197204968944099,
          0.01963461538461537
        ]
      }
    },
    "ent_neg__a0.3": {
      "n_boot": 500,
      "vanilla_acc": [
        0.246,
        0.15,
        0.35
      ],
      "K4_worst_acc": [
        0.32276,
        0.22,
        0.43
      ],
      "K4_earliest_acc": [
        0.30260000000000004,
        0.2,
        0.42
      ],
      "lift_earliest_vs_worst": [
        -0.02016,
        -0.08,
        0.030000000000000027
      ],
      "frac_changed_worst": [
        0.20194,
        0.11,
        0.3
      ],
      "frac_changed_earliest": [
        0.2209,
        0.13,
        0.33
      ],
      "cascade_lift_by_gap": {
        "gap_1": [
          -0.09564288737232148,
          -0.4091666666666667,
          0.0898809523809525
        ],
        "gap_2_4": [
          0.035541347804577614,
          -0.11764705882352941,
          0.2639130434782607
        ],
        "gap_5p": [
          0.0016636788048552753,
          0.0,
          0.0
        ],
        "gap_negzero": [
          -0.02413740110383684,
          -0.09013798701298702,
          0.0
        ]
      }
    },
    "ent_neg__a0.5": {
      "n_boot": 500,
      "vanilla_acc": [
        0.2502,
        0.15,
        0.35
      ],
      "K4_worst_acc": [
        0.3241,
        0.20475000000000002,
        0.44
      ],
      "K4_earliest_acc": [
        0.32683999999999996,
        0.21,
        0.44
      ],
      "lift_earliest_vs_worst": [
        0.0027400000000000002,
        -0.04999999999999999,
        0.06
      ],
      "frac_changed_worst": [
        0.1973,
        0.11,
        0.29
      ],
      "frac_changed_earliest": [
        0.24039999999999997,
        0.14,
        0.34
      ],
      "cascade_lift_by_gap": {
        "gap_1": [
          0.0077491291332319745,
          -0.26193181818181815,
          0.2795454545454542
        ],
        "gap_2_4": [
          0.013916134970909216,
          -0.14563492063492062,
          0.17047101449275345
        ],
        "gap_5p": [
          -0.010156055632571314,
          -0.2222222222222222,
          0.19634615384615367
        ],
        "gap_negzero": [
          -0.0008394477384557693,
          0.0,
          0.0
        ]
      }
    },
    "marg__a0.1": {
      "n_boot": 500,
      "vanilla_acc": [
        0.24630000000000002,
        0.14,
        0.35524999999999973
      ],
      "K4_worst_acc": [
        0.29916,
        0.19,
        0.41
      ],
      "K4_earliest_acc": [
        0.29916000000000004,
        0.19,
        0.42
      ],
      "lift_earliest_vs_worst": [
        0.0,
        -0.06,
        0.06000000000000001
      ],
      "frac_changed_worst": [
        0.20752,
        0.11,
        0.31
      ],
      "frac_changed_earliest": [
        0.16616,
        0.07,
        0.27
      ],
      "cascade_lift_by_gap": {
        "gap_1": [
          -0.015117876567876568,
          -0.19136363636363635,
          0.0
        ],
        "gap_2_4": [
          0.06914975902673776,
          0.0,
          0.38812499999999944
        ],
        "gap_5p": [
          0.18756328298332345,
          0.0,
          0.75
        ],
        "gap_negzero": [
          0.01541963613427853,
          -0.04398550724637681,
          0.0901415571284124
        ]
      }
    },
    "marg__a0.3": {
      "n_boot": 500,
      "vanilla_acc": [
        0.24462,
        0.15,
        0.35
      ],